createdTime,temperature,heartrate
2026-01-13 18:09:03,95.5,0
2025-12-09 16:15:25,96.6,85
2025-12-09 16:12:23,75.9,0
2025-12-18 17:45:24,97.3,96
2025-12-09 16:15:14,96.6,85
2025-12-09 16:15:06,96.4,85
2025-12-21 04:17:05,61.2,0
2025-12-21 04:17:00,61.2,0
2025-12-21 04:17:06,61.0,0
2025-12-10 13:58:32,95.2,68
2025-12-18 15:23:17,97.2,88
2026-01-13 18:09:18,95.5,0
2026-01-13 18:09:01,95.5,0
2025-12-10 13:58:12,95.2,65
2025-12-09 16:12:19,75.9,0
2025-12-09 16:15:02,96.4,87
2025-12-09 16:12:20,75.9,0
2025-12-09 16:15:32,96.6,85
2026-01-13 18:08:39,95.5,0
2025-12-10 23:22:11,95.9,109
2025-12-18 15:23:04,97.2,88
2025-12-09 16:14:58,96.4,88
2025-12-09 16:12:11,75.7,0
2025-12-09 16:12:29,76.3,98
2025-12-21 23:07:35,60.1,0
2025-12-18 02:25:25,68.2,0
2025-12-18 15:23:06,97.2,89
2025-12-10 13:58:42,95.2,69
2025-12-10 13:58:27,95.2,65
2025-12-18 17:45:21,97.3,96
2025-12-18 02:25:21,68.2,0
2025-12-09 16:15:20,96.6,85
2025-12-09 16:15:00,96.4,88
2025-12-09 16:12:46,95.2,98
2025-12-18 17:45:27,97.3,96
2025-12-21 04:16:59,61.2,0
2025-12-09 16:12:35,76.5,98
2025-12-10 13:58:43,95.2,70
2025-12-10 13:58:25,95.2,64
2025-12-10 13:58:26,95.2,64
2025-12-10 13:58:50,95.2,76
2025-12-18 02:25:28,68.2,0
2025-12-10 23:22:08,96.1,108
2026-01-13 18:09:23,95.5,0
2025-12-09 16:15:19,96.6,86
2025-12-10 13:58:48,95.2,78
2025-12-09 16:12:38,76.6,98
2025-12-09 16:12:55,95.5,96
2025-12-21 04:17:14,61.2,0
2025-12-10 13:58:45,95.2,71
2026-01-13 18:08:34,95.5,0
2025-12-21 04:17:11,61.2,0
2026-01-13 18:09:29,95.5,0
2025-12-10 13:58:08,95.2,63
2026-01-13 18:09:20,95.5,0
2025-12-10 13:58:15,95.2,63
2025-12-09 16:14:56,96.4,90
2025-12-10 13:58:22,95.2,63
2025-12-09 16:12:32,76.5,98
2025-12-10 13:58:51,95.2,76
2025-12-10 13:58:38,95.2,73
2025-12-21 23:07:32,69.6,0
2025-12-09 16:12:51,95.4,99
2025-12-18 02:25:22,68.0,0
2026-01-13 18:09:21,95.5,0
2025-12-10 13:58:13,95.2,65
2025-12-09 16:15:12,96.4,85
2026-01-13 18:08:36,95.5,0
2025-12-09 16:12:21,75.9,0
2025-12-21 04:17:02,61.2,0
2025-12-18 15:23:11,97.2,90
2025-12-18 02:25:24,68.0,0
2026-01-13 18:08:47,95.5,0
2025-12-21 23:07:30,59.9,0
2025-12-09 16:15:37,96.6,87
2025-12-09 16:15:15,96.6,86
2025-12-09 16:12:08,75.4,0
2025-12-09 16:12:15,75.7,0
2025-12-10 13:58:52,95.2,68
2025-12-10 13:58:46,95.2,78
2026-01-13 18:09:12,95.5,0
2025-12-21 04:16:55,61.2,0
2025-12-09 16:15:18,96.6,85
2025-12-21 04:16:54,61.0,0
2025-12-21 04:16:57,61.2,0
2025-12-09 16:12:31,76.3,99
2025-12-09 16:12:45,95.2,99
2025-12-09 16:15:09,96.4,85
2025-12-09 16:15:04,96.4,85
2026-01-13 18:09:07,95.5,0
2025-12-09 16:12:09,75.4,0
2026-01-13 18:08:46,95.5,0
2025-12-09 16:15:23,96.6,86
2025-12-10 13:58:07,95.2,65
2026-01-13 18:09:24,95.5,0
2025-12-09 16:12:48,95.4,98
2025-12-10 13:59:00,95.2,73
2025-12-09 16:12:43,78.1,99
2025-12-10 13:58:16,95.2,63
2025-12-18 15:23:12,97.2,90
2026-01-13 18:08:37,95.5,0
2025-12-18 15:23:18,97.2,88
2025-12-18 15:23:19,97.2,87
2025-12-18 17:45:26,97.3,96
2025-12-09 16:12:49,95.4,98
2025-12-10 23:22:10,96.1,108
2025-12-09 16:12:22,75.9,0
2025-12-18 15:23:13,97.2,90
2025-12-09 16:15:34,96.6,85
2025-12-10 13:58:33,95.2,69
2025-12-09 16:15:07,96.4,85
2026-01-13 18:09:04,95.5,0
2025-12-09 16:12:06,75.4,0
2025-12-10 23:22:12,95.9,108
2025-12-21 23:07:23,60.1,0
2025-12-09 16:14:51,96.4,88
2026-01-13 18:09:30,95.5,0
2025-12-09 16:12:27,76.3,102
2025-12-09 16:12:50,95.4,98
2025-12-10 13:59:03,95.2,70
2025-12-10 13:58:58,95.2,72
2025-12-18 17:45:28,97.3,96
2025-12-21 23:07:26,59.9,0
2025-12-09 16:12:40,76.6,98
2025-12-10 23:22:16,95.9,109
2025-12-10 13:58:18,95.2,63
2026-01-13 18:09:05,95.5,0
2025-12-09 16:15:16,96.6,85
2025-12-09 16:15:17,96.6,86
2025-12-10 13:59:05,95.2,71
2025-12-21 23:07:25,60.1,0
2025-12-21 04:17:10,61.2,0
2025-12-10 23:22:15,95.9,109
2025-12-09 16:15:11,96.6,86
2025-12-18 15:23:10,97.2,90
2025-12-09 16:15:21,96.6,85
2025-12-10 13:59:04,95.2,71
2025-12-21 04:16:58,61.0,0
2025-12-18 15:23:15,97.2,88
2025-12-21 23:07:24,60.1,0
2025-12-10 23:22:09,96.1,109
2025-12-18 15:23:07,97.2,90
2025-12-10 13:58:57,95.2,72
2025-12-10 13:58:53,95.2,72
2025-12-09 16:12:56,95.5,96
2025-12-09 16:12:17,75.9,0
2025-12-09 16:15:03,96.4,82
2025-12-18 17:45:23,97.3,96
2025-12-09 16:15:33,96.6,85
2025-12-21 23:07:28,60.1,0
2025-12-18 15:23:20,97.2,87
2026-01-13 18:08:43,95.5,0
2026-01-13 18:09:28,95.5,0
2025-12-21 04:17:01,61.2,0
2025-12-09 16:12:28,76.3,101
2025-12-09 16:15:35,96.6,86
2025-12-09 16:12:13,75.7,0
2025-12-09 16:14:54,96.4,88
2026-01-13 18:08:42,95.5,0
2025-12-09 16:12:10,75.6,0
2025-12-18 17:45:22,97.3,96
2025-12-09 16:15:22,96.6,85
2025-12-21 23:07:27,60.1,0
2025-12-21 23:07:34,60.1,0
2026-01-13 18:09:16,95.5,0
2025-12-19 02:32:03,64.4,0
2026-01-13 18:09:31,95.5,0
2025-12-10 13:58:10,95.2,63
2026-01-13 18:09:08,95.5,0
2025-12-09 16:14:57,96.4,89
2025-12-18 15:23:03,97.2,0
2025-12-09 16:12:54,95.5,97
2025-12-10 13:58:55,95.2,71
2025-12-09 16:12:36,76.5,98
2025-12-10 13:58:40,95.2,74
2025-12-10 13:58:54,95.2,71
2025-12-10 13:58:41,95.2,69
2025-12-09 16:12:53,95.5,97
2025-12-09 16:15:10,96.4,85
2025-12-21 04:16:53,61.2,0
2025-12-09 16:12:52,95.4,98
2025-12-21 23:07:36,60.1,0
2025-12-09 16:12:25,75.9,0
2025-12-09 16:12:14,75.7,0
2025-12-09 16:13:00,95.5,95
2025-12-09 16:14:50,96.4,86
2025-12-09 16:12:58,95.5,96
2025-12-18 17:45:25,97.3,97
2025-12-10 23:22:14,95.9,108
2025-12-19 02:32:05,64.2,0
2025-12-21 04:16:56,61.2,0
2025-12-10 13:59:01,95.2,73
2025-12-09 16:12:42,77.5,98
2026-01-13 18:09:32,95.5,0
2025-12-10 13:58:34,95.2,70
2025-12-09 16:15:31,96.6,86
2026-01-13 18:09:10,95.5,0
2025-12-09 16:12:12,75.7,0
2025-12-09 16:14:52,96.4,89
2025-12-10 13:58:19,95.2,63
2025-12-09 16:14:55,96.4,89
2025-12-09 16:15:05,96.4,85
2025-12-09 16:15:28,96.6,85
2026-01-13 18:09:09,95.5,0
2025-12-18 02:25:20,68.2,0
2025-12-18 15:23:09,97.2,89
2025-12-10 13:58:24,95.2,64
2025-12-19 02:32:04,64.2,0
2026-01-13 18:08:45,95.5,0
2025-12-10 13:58:29,95.2,66
2025-12-10 13:58:35,95.2,72
2025-12-21 04:17:09,61.2,0
2026-01-13 18:09:26,95.5,0
2025-12-10 13:58:37,95.2,72
2025-12-09 16:14:53,96.4,89
2025-12-09 16:14:59,96.4,89
2025-12-09 16:12:37,76.5,99
2025-12-10 13:58:23,95.2,63
2026-01-13 18:08:38,95.5,0
2025-12-10 13:58:47,95.2,78
2025-12-09 16:12:30,76.3,99
2026-01-13 18:09:27,95.5,0
2025-12-10 13:58:56,95.2,72
2025-12-09 16:12:33,76.3,98
2025-12-10 23:22:13,95.9,108
2025-12-09 16:14:49,96.4,86
2025-12-10 13:58:30,95.2,67
2025-12-09 16:15:36,96.6,87
2025-12-18 15:23:14,97.2,89
2025-12-09 16:12:34,76.3,98
2026-01-13 18:09:13,95.5,0
2026-01-13 18:09:22,95.5,0
2026-01-13 18:08:41,95.5,0
2025-12-09 16:12:44,78.6,98
2025-12-18 15:23:16,97.2,88
2026-01-13 18:09:06,95.5,0
2025-12-09 16:12:26,76.1,0
2025-12-10 13:58:17,95.2,63
2026-01-13 18:09:15,95.5,0
2025-12-21 04:16:52,61.2,0
2025-12-09 16:15:01,96.4,87
2025-12-18 02:25:19,68.2,0
2025-12-21 04:17:04,61.2,0
2025-12-10 13:58:11,95.2,66
2025-12-10 13:58:28,95.2,65
2025-12-09 16:15:29,96.6,86
2025-12-18 15:23:22,97.2,86
2025-12-10 13:58:09,95.2,62
2025-12-10 13:58:14,95.2,64
2025-12-09 16:12:59,95.5,96
2025-12-09 16:12:24,75.9,0
2026-01-13 18:09:17,95.5,0
2026-01-13 18:09:11,95.5,0
2025-12-18 02:25:23,68.2,0
2025-12-18 02:25:26,68.2,0
2026-01-13 18:09:02,95.5,0
2025-12-10 13:58:49,95.2,76
2025-12-09 16:12:57,95.5,97
2025-12-09 16:15:24,96.6,86
2025-12-21 04:17:03,61.2,0
2025-12-21 04:17:08,61.2,0
2025-12-09 16:12:07,75.4,0
2025-12-18 15:23:21,97.2,87
2026-01-13 18:09:14,95.5,0
2025-12-09 16:15:13,96.6,85
2026-01-13 18:08:35,95.5,0
2025-12-09 16:15:08,96.4,85
2026-01-13 18:09:25,95.5,0
2025-12-21 23:07:33,60.3,0
2025-12-09 16:12:47,95.4,98
2025-12-18 15:23:05,97.2,88
2025-12-21 04:17:07,61.2,0
2025-12-09 16:15:27,96.6,85
2026-01-13 18:08:40,95.5,0
2025-12-18 02:25:27,68.2,0
2025-12-10 13:58:31,95.2,67
2025-12-09 16:12:39,76.6,98
2025-12-09 16:12:18,75.9,0
2025-12-09 16:15:38,96.6,87
2025-12-09 16:12:16,75.9,0
2025-12-09 16:15:26,96.6,85
2025-12-10 13:58:44,95.2,70
2025-12-09 16:12:41,77.0,99
2026-01-13 18:08:44,95.5,0
2025-12-21 04:17:12,61.2,0
2025-12-10 13:58:36,95.2,72
2025-12-10 13:59:02,95.2,73
2026-01-13 18:09:19,95.5,0
2025-12-10 13:58:59,95.2,73
2025-12-09 16:15:30,96.6,85
2025-12-10 13:58:39,95.2,73
2025-12-18 15:23:08,97.2,89
2025-12-21 04:17:13,61.2,0
2025-12-17 02:03:06,68.4,0
2025-12-23 00:35:02,77.7,74
2026-03-20 19:37:28,96.1,64
2026-03-20 19:37:26,96.1,63
2026-01-15 00:55:16,59.0,0
2026-03-20 19:37:20,96.1,64
2026-01-13 18:08:27,95.4,76
2026-03-20 19:37:27,96.1,63
2026-03-20 19:37:08,96.1,69
2026-03-20 19:37:12,96.1,68
2026-01-15 00:55:29,59.0,0
2025-12-17 02:03:10,68.4,0
2025-12-23 00:34:57,77.7,74
2026-01-13 18:08:04,95.4,78
2026-03-20 19:38:54,96.3,0
2026-03-20 19:37:21,96.1,63
2026-01-13 18:08:13,95.4,78
2025-12-17 02:03:15,68.4,0
2026-01-15 00:55:33,59.0,0
2026-01-15 00:55:23,59.0,0
2026-01-15 00:55:22,59.0,0
2026-01-15 00:55:21,59.0,0
2026-01-15 00:55:26,59.0,0
2026-01-15 00:55:17,59.0,0
2026-03-20 19:37:11,96.1,68
2025-12-23 00:35:06,77.7,70
2025-12-23 00:34:54,77.7,73
2026-01-13 18:08:06,95.4,78
2026-03-20 19:38:52,96.3,0
2026-01-15 00:55:15,59.0,0
2026-01-15 00:55:13,59.0,0
2025-12-23 00:34:50,77.5,74
2026-01-15 00:55:24,59.0,0
2025-12-23 00:35:15,77.7,74
2025-12-17 02:03:04,68.4,0
2026-01-13 18:08:20,95.4,78
2025-12-17 02:03:14,68.4,0
2026-01-15 00:55:31,59.0,0
2025-12-23 00:35:16,77.7,73
2026-01-15 00:55:28,59.0,0
2025-12-17 02:03:19,68.4,0
2026-03-20 19:37:29,96.1,65
2026-01-13 18:08:19,95.4,77
2026-01-13 18:08:14,95.4,77
2026-03-20 19:38:55,96.3,0
2026-01-15 00:55:30,59.0,0
2025-12-17 02:02:58,68.4,0
2026-01-15 00:55:32,59.0,0
2026-01-13 18:08:18,95.4,77
2025-12-17 02:03:07,68.2,0
2025-12-23 00:35:05,77.7,70
2025-12-23 00:34:48,77.5,75
2026-03-20 19:37:17,96.1,66
2026-01-13 18:08:31,95.4,0
2025-12-17 02:03:05,68.4,0
2025-12-17 02:03:20,68.4,0
2026-01-13 18:08:15,95.4,77
2025-12-17 02:03:08,68.4,0
2025-12-17 02:03:16,68.4,0
2026-03-20 19:38:53,96.3,0
2026-03-20 19:38:51,96.3,0
2026-01-15 00:55:19,59.0,0
2026-01-15 00:55:08,59.0,0
2026-03-20 19:38:50,96.3,0
2026-01-13 18:08:30,95.4,0
2025-12-23 00:35:03,77.7,73
2026-01-15 00:55:27,59.0,0
2025-12-23 00:35:00,77.5,74
2025-12-23 00:34:47,77.5,0
2025-12-17 02:03:11,68.4,0
2025-12-17 02:03:09,68.4,0
2026-01-13 18:08:28,95.4,0
2026-01-15 00:55:34,59.0,0
2025-12-23 00:35:08,77.7,70
2026-01-15 00:55:18,59.0,0
2026-01-15 00:55:10,59.0,0
2025-12-23 00:34:55,77.7,74
2026-01-13 18:08:12,95.4,78
2025-12-17 02:02:53,68.4,0
2025-12-23 00:34:56,77.5,74
2026-03-20 19:37:23,96.1,63
2025-12-23 00:35:09,77.7,70
2026-01-15 00:55:12,59.0,0
2026-03-20 19:37:25,96.1,63
2026-01-13 18:08:17,95.4,77
2025-12-17 02:03:00,68.4,0
2026-03-20 19:37:16,96.1,67
2025-12-17 02:03:12,68.4,0
2026-01-13 18:08:29,95.4,0
2026-01-15 00:55:20,59.0,0
2025-12-23 00:35:12,77.7,73
2025-12-23 00:35:11,77.7,73
2025-12-17 02:03:02,68.4,0
2025-12-17 02:02:57,68.2,0
2026-01-13 18:08:16,95.4,78
2026-03-20 19:37:15,96.1,67
2026-01-13 18:08:24,95.4,76
2026-01-13 18:08:23,95.4,76
2026-01-13 18:08:26,95.4,76
2025-12-23 00:34:58,77.7,75
2026-01-13 18:08:11,95.4,78
2026-03-20 19:37:18,96.1,65
2026-03-20 19:37:19,96.1,65
2025-12-23 00:34:51,77.5,74
2025-12-23 00:35:14,77.7,73
2025-12-23 00:34:59,77.7,73
2026-01-13 18:08:21,95.4,76
2025-12-17 02:02:52,68.4,0
2026-03-20 19:37:10,96.1,69
2025-12-17 02:02:54,68.4,0
2026-01-15 00:55:14,59.0,0
2025-12-23 00:35:10,77.7,74
2025-12-17 02:03:13,68.2,0
2025-12-23 00:34:52,77.5,74
2026-01-13 18:08:03,95.4,0
2025-12-17 02:03:17,68.2,0
2025-12-23 00:34:49,77.5,75
2026-01-13 18:08:10,95.4,77
2025-12-17 02:03:03,68.4,0
2025-12-17 02:02:56,68.4,0
2025-12-23 00:35:13,77.7,73
2026-01-13 18:08:05,95.4,77
2026-01-15 00:55:35,59.0,0
2026-01-13 18:08:25,95.4,76
2026-03-20 19:37:06,96.1,68
2025-12-23 00:35:07,77.5,70
2026-01-13 18:08:32,95.4,0
2025-12-17 02:03:01,68.4,0
2025-12-17 02:03:18,68.4,0
2026-01-13 18:08:22,96.8,76
2026-01-15 00:55:36,59.0,0
2026-01-13 18:08:02,95.4,81
2026-03-20 19:38:49,96.3,0
2025-12-17 02:02:55,68.4,0
2026-01-15 00:55:25,59.0,0
2026-03-20 19:37:14,96.1,68
2025-12-23 00:35:04,77.7,73
2026-03-20 19:37:22,96.1,63
2026-03-20 19:37:13,96.1,68
2025-12-23 00:35:01,77.7,73
2026-03-20 19:37:24,96.1,64
2026-03-20 19:37:09,96.1,69
2026-03-20 19:37:07,96.1,68
2026-01-15 00:55:09,59.0,0
2025-12-17 02:02:59,68.4,0
2026-01-15 00:55:11,59.0,0
2025-12-23 00:34:53,77.5,73
2026-01-17 01:06:12,59.0,0
2026-01-09 03:00:40,59.0,0
2026-01-07 04:00:35,59.0,0
2025-12-12 21:55:02,97.3,0
2026-01-07 04:00:33,59.0,0
2026-01-09 03:00:46,59.0,0
2026-01-17 01:06:26,60.6,0
2026-01-09 03:00:54,59.0,0
2026-01-17 01:06:19,59.0,0
2025-12-09 20:05:54,97.3,94
2026-01-17 01:06:11,59.0,0
2025-12-09 23:49:37,83.3,0
2026-01-17 01:06:24,60.4,0
2025-12-09 23:49:40,83.3,0
2025-12-09 23:49:34,95.9,0
2026-01-09 03:00:47,59.0,0
2026-01-09 03:00:41,59.0,0
2026-01-09 03:00:51,59.0,0
2025-12-12 21:55:04,97.3,83
2026-01-17 01:06:15,59.0,0
2026-01-07 04:00:48,59.0,0
2025-12-12 21:55:08,97.3,82
2026-01-17 01:06:29,61.5,77
2025-12-09 23:49:31,95.9,0
2025-12-12 04:14:41,96.6,86
2025-12-12 04:14:42,96.6,85
2025-12-09 23:49:33,95.9,0
2025-12-12 04:14:45,96.6,85
2025-12-09 23:49:38,83.3,0
2026-01-07 04:00:29,59.0,0
2026-01-07 04:00:36,59.0,0
2025-12-12 04:14:43,96.6,85
2025-12-12 21:55:03,97.3,81
2025-12-09 20:05:51,97.3,92
2026-01-17 01:06:30,61.7,61
2026-01-07 04:00:46,59.0,0
2026-01-09 03:00:52,59.0,0
2025-12-12 04:14:50,87.3,89
2026-01-07 04:00:39,59.0,0
2026-01-09 03:00:44,59.0,0
2025-12-12 04:14:46,96.6,86
2026-01-07 04:00:41,59.0,0
2026-01-07 04:00:30,59.0,0
2026-01-17 01:06:27,60.6,77
2026-01-07 04:00:40,59.0,0
2026-01-17 01:06:16,59.0,0
2026-01-09 03:00:39,59.0,0
2025-12-09 23:49:30,95.9,0
2025-12-12 04:14:39,96.6,85
2026-01-07 04:00:32,59.0,0
2026-01-17 01:06:22,59.9,0
2025-12-09 23:49:35,95.9,0
2026-01-09 03:00:42,59.0,0
2026-01-07 04:00:27,59.0,0
2025-12-12 04:14:40,96.6,85
2025-12-12 21:55:07,97.3,81
2025-12-09 20:05:50,97.3,91
2026-01-17 01:06:28,61.0,77
2025-12-12 04:14:48,87.4,89
2026-01-09 03:00:45,59.0,0
2026-01-17 01:06:14,59.0,0
2026-01-09 03:00:49,59.0,0
2025-12-09 23:49:39,95.9,0
2025-12-12 21:55:05,97.3,82
2026-01-07 04:00:37,59.0,0
2026-01-17 01:06:23,60.1,0
2026-01-07 04:00:38,59.0,0
2026-01-09 03:00:53,59.0,0
2026-01-09 03:00:38,59.0,0
2026-01-07 04:00:43,59.0,0
2025-12-09 20:05:55,97.3,94
2026-01-17 01:06:18,59.0,0
2025-12-09 20:05:57,97.3,96
2025-12-12 04:14:38,96.8,85
2026-01-09 03:00:37,59.0,0
2025-12-12 04:14:51,87.3,89
2025-12-09 20:05:58,97.3,95
2025-12-12 21:55:06,97.3,82
2026-01-09 03:00:43,59.0,0
2025-12-09 20:05:52,97.3,92
2025-12-12 04:14:49,87.3,89
2025-12-12 04:14:47,96.6,89
2026-01-07 04:00:34,59.0,0
2026-01-07 04:00:45,59.0,0
2026-01-07 04:00:42,59.0,0
2026-01-07 04:00:28,59.0,0
2026-01-17 01:06:25,60.4,0
2026-01-07 04:00:31,59.0,0
2026-01-09 03:00:35,59.0,0
2026-01-17 01:06:21,59.5,0
2026-01-07 04:00:47,59.0,0
2026-01-17 01:06:20,59.2,0
2025-12-09 20:05:53,97.3,94
2026-01-09 03:00:48,59.0,0
2025-12-09 23:49:32,95.9,0
2026-01-09 03:00:36,59.0,0
2025-12-09 20:05:56,97.3,95
2026-01-17 01:06:17,59.0,0
2025-12-12 04:14:44,96.6,85
2026-01-09 03:00:50,59.0,0
2026-01-07 04:00:44,59.0,0
2026-02-03 23:52:12,95.5,0
2025-12-10 23:52:06,78.8,101
2025-12-30 00:44:39,84.4,0
2026-02-03 23:52:04,95.5,0
2025-12-10 23:52:02,78.8,0
2025-12-22 01:43:38,65.7,0
2026-02-03 23:52:11,81.9,0
2025-12-10 23:52:08,78.8,101
2025-12-15 23:15:15,96.8,79
2026-02-03 23:52:09,95.5,0
2025-12-22 01:43:33,65.8,0
2025-12-15 23:15:14,96.8,77
2025-12-30 00:44:37,96.1,0
2025-12-22 01:43:39,65.5,0
2025-12-15 23:15:17,96.8,80
2025-12-22 01:43:31,65.8,0
2025-12-22 01:43:32,65.8,0
2025-12-15 23:15:12,96.8,74
2025-12-30 00:44:35,96.1,0
2025-12-15 23:15:16,96.8,80
2025-12-30 00:44:36,96.1,0
2025-12-15 23:15:18,96.8,81
2025-12-22 01:43:34,65.8,0
2025-12-30 00:44:34,96.1,0
2026-02-03 23:52:22,95.5,47
2025-12-15 23:15:19,96.8,81
2026-02-03 23:52:05,95.5,0
2026-02-03 23:52:07,95.5,0
2025-12-10 23:52:05,78.8,101
2025-12-30 00:44:33,84.6,0
2026-02-03 23:52:23,95.5,47
2025-12-22 01:43:36,65.7,0
2025-12-15 23:15:13,96.8,76
2025-12-15 23:15:11,96.8,74
2025-12-10 23:52:04,78.8,102
2026-02-03 23:52:08,95.5,0
2025-12-30 00:44:40,84.2,0
2026-02-03 23:52:10,81.9,0
2025-12-10 23:52:07,78.8,101
2025-12-10 23:52:03,78.8,0
2025-12-22 01:43:35,65.7,0
2025-12-30 00:44:38,96.1,0
2025-12-22 01:43:37,65.7,0
2026-02-03 23:52:06,95.5,0
2025-12-09 16:14:27,96.4,86
2025-12-09 16:14:36,96.4,86
2025-12-09 16:14:22,96.4,88
2026-01-12 18:31:59,95.2,69
2026-01-12 18:31:55,95.2,67
2026-01-12 18:31:53,95.2,67
2026-01-12 18:31:51,95.2,67
2025-12-09 20:05:22,97.2,95
2025-12-11 00:01:16,95.2,126
2025-12-11 14:08:07,76.8,79
2026-01-12 18:31:49,95.2,0
2025-12-09 20:05:19,97.2,96
2025-12-09 20:05:31,97.2,90
2025-12-09 16:14:18,96.4,84
2025-12-09 20:05:33,97.2,88
2025-12-16 15:33:06,95.4,91
2026-01-12 18:32:13,95.2,73
2025-12-09 16:14:28,96.4,85
2025-12-11 14:08:05,76.5,80
2025-12-11 00:01:10,95.2,129
2025-12-09 16:14:19,96.4,85
2025-12-16 15:33:22,95.4,94
2026-01-12 18:31:58,95.2,69
2025-12-09 20:05:39,97.3,89
2025-12-16 15:33:21,95.4,94
2025-12-16 15:33:15,95.4,0
2026-01-12 18:32:14,95.2,74
2025-12-09 16:14:13,96.4,84
2025-12-09 16:14:37,96.4,87
2025-12-09 16:14:42,96.4,85
2025-12-11 00:01:25,95.2,126
2025-12-11 00:01:35,95.2,120
2025-12-11 14:08:08,77.0,79
2025-12-11 14:08:06,76.6,80
2025-12-11 00:01:21,95.2,125
2025-12-11 00:01:27,95.2,125
2025-12-16 15:33:23,95.4,93
2026-01-12 18:32:01,107.2,0
2025-12-11 00:01:34,95.2,121
2025-12-09 20:05:25,97.2,93
2025-12-16 15:33:19,95.4,94
2025-12-09 20:05:34,97.3,88
2025-12-16 15:33:26,95.4,91
2025-12-16 15:33:18,95.4,95
2026-01-12 18:32:15,95.2,72
2025-12-09 20:05:40,97.3,88
2026-01-12 18:32:16,95.4,71
2025-12-16 23:45:37,95.9,0
2025-12-11 00:01:20,95.2,125
2025-12-09 16:14:15,96.4,84
2025-12-09 16:14:31,96.4,85
2025-12-09 16:14:23,96.4,87
2025-12-16 15:33:04,95.4,90
2025-12-11 00:01:08,95.2,0
2026-01-12 18:31:56,95.2,67
2025-12-11 14:08:09,76.8,78
2026-01-12 18:31:54,95.2,68
2025-12-16 15:33:05,95.4,90
2025-12-09 16:14:41,96.4,85
2025-12-11 00:01:36,95.2,118
2025-12-11 00:01:32,95.2,124
2025-12-11 00:01:33,95.2,122
2025-12-09 16:14:25,96.4,87
2025-12-09 20:05:36,97.2,89
2025-12-16 15:32:57,95.4,89
2025-12-16 15:33:14,95.4,96
2026-01-12 18:31:52,95.2,66
2026-01-12 18:32:12,95.2,72
2025-12-09 16:14:44,96.4,85
2026-01-12 18:32:02,95.2,69
2025-12-11 00:01:28,95.2,124
2026-01-12 18:32:18,95.4,71
2026-01-12 18:32:00,95.2,0
2025-12-11 00:01:24,95.2,125
2026-01-12 18:32:21,95.4,0
2025-12-09 20:05:41,97.3,88
2025-12-16 15:33:07,95.4,93
2025-12-09 16:14:32,96.4,86
2025-12-16 15:32:56,95.4,90
2025-12-16 15:33:08,95.4,94
2025-12-09 16:14:17,96.4,84
2025-12-09 20:05:21,97.2,96
2025-12-16 15:33:25,95.4,91
2025-12-09 16:14:46,96.4,84
2026-01-12 18:32:08,95.2,70
2025-12-16 15:33:03,95.4,90
2025-12-16 15:33:24,95.4,92
2025-12-16 15:32:58,95.4,89
2025-12-11 00:01:31,95.2,124
2025-12-11 14:08:10,77.0,79
2025-12-16 15:33:29,95.4,90
2026-01-12 18:32:06,95.2,72
2025-12-16 23:45:40,95.9,0
2025-12-09 20:05:30,97.2,89
2026-01-12 18:32:10,95.2,72
2025-12-09 20:05:20,97.2,96
2025-12-09 20:05:48,97.3,89
2025-12-09 20:05:44,97.3,89
2025-12-09 20:05:37,97.2,89
2025-12-09 20:05:23,97.2,94
2026-01-12 18:32:20,95.4,0
2025-12-09 16:14:24,96.4,88
2026-01-12 18:32:11,95.2,72
2025-12-09 16:14:35,96.4,86
2025-12-16 15:33:12,95.4,95
2026-01-12 18:32:07,95.2,70
2026-01-12 18:32:03,95.2,70
2025-12-09 20:05:38,97.3,90
2025-12-16 23:45:39,95.9,0
2025-12-11 00:01:11,95.2,128
2026-01-12 18:32:05,95.2,71
2025-12-09 20:05:43,97.3,88
2026-01-12 18:31:57,95.2,69
2025-12-16 15:33:01,95.4,89
2025-12-11 14:08:04,76.1,0
2025-12-09 16:14:39,96.4,85
2025-12-16 23:45:41,95.9,0
2025-12-09 20:05:28,97.2,88
2025-12-09 20:05:35,97.3,89
2025-12-16 23:45:38,95.9,0
2025-12-09 16:14:30,96.4,85
2025-12-09 17:25:34,95.7,75
2025-12-11 00:01:29,95.2,125
2025-12-09 16:14:14,96.4,0
2025-12-09 20:05:29,97.2,90
2025-12-09 16:14:40,96.4,85
2026-01-12 18:32:19,95.4,0
2025-12-16 15:33:16,107.2,0
2025-12-09 20:05:46,97.3,88
2025-12-16 15:33:11,95.4,95
2025-12-09 20:05:24,97.2,94
2025-12-16 15:33:10,95.4,96
2025-12-09 20:05:32,97.2,88
2025-12-16 15:33:20,95.4,94
2025-12-09 20:05:42,97.3,89
2025-12-09 16:14:26,96.4,87
2025-12-11 00:01:26,95.2,124
2025-12-09 16:14:43,96.4,85
2025-12-16 15:33:02,95.4,89
2025-12-11 00:01:30,95.2,124
2025-12-11 00:01:37,95.2,117
2025-12-09 16:14:47,96.4,84
2025-12-09 20:05:26,97.2,86
2025-12-16 15:33:00,95.4,89
2025-12-11 00:01:22,95.2,125
2025-12-11 00:01:19,95.2,127
2025-12-16 15:32:59,95.4,89
2025-12-09 16:14:20,96.4,88
2025-12-16 15:33:13,95.4,95
2025-12-16 15:33:28,95.4,90
2025-12-09 16:14:45,96.4,85
2025-12-09 20:05:49,97.3,90
2025-12-09 16:14:29,96.4,85
2025-12-16 15:33:09,95.4,95
2026-01-12 18:31:50,95.2,68
2025-12-09 16:14:33,96.4,86
2025-12-16 15:33:17,95.4,94
2026-01-12 18:32:09,95.2,71
2025-12-09 16:14:38,96.4,86
2025-12-09 16:14:21,96.4,90
2025-12-09 20:05:45,97.3,88
2025-12-16 15:33:27,95.4,91
2025-12-11 00:01:17,95.2,126
2025-12-09 16:14:34,96.4,87
2025-12-09 16:14:16,96.4,84
2025-12-11 00:01:18,95.2,126
2026-01-12 18:32:17,95.4,72
2025-12-09 20:05:47,97.3,88
2025-12-09 20:05:27,97.2,88
2025-12-11 00:01:23,95.2,124
2026-01-12 18:32:04,95.2,69
2025-12-11 00:01:09,95.2,129
2026-01-14 02:08:12,70.5,0
2025-12-17 19:25:46,95.9,95
2026-03-20 20:06:40,96.4,0
2026-01-13 18:09:34,95.5,78
2026-03-20 20:06:46,96.4,0
2025-12-10 13:58:04,95.2,0
2026-03-20 20:06:44,96.4,0
2025-12-17 19:25:39,95.9,97
2025-12-17 15:22:48,95.5,74
2025-12-17 02:03:36,68.2,0
2026-01-13 18:09:35,95.5,78
2026-01-14 02:08:14,59.0,0
2026-01-14 02:08:01,59.0,0
2025-12-10 13:58:00,95.2,0
2025-12-10 13:58:02,95.2,0
2025-12-17 02:03:29,68.0,0
2025-12-17 19:25:44,95.9,95
2025-12-17 19:25:37,95.9,96
2025-12-17 19:25:47,95.9,94
2025-12-10 13:57:41,95.2,0
2026-03-20 20:06:59,96.4,0
2026-03-20 20:06:51,96.4,0
2025-12-17 19:25:42,95.9,96
2025-12-17 02:03:42,68.0,0
2025-12-17 02:03:31,68.0,0
2026-03-20 19:47:35,96.6,90
2025-12-17 19:25:50,95.9,93
2025-12-17 02:03:30,68.0,0
2025-12-17 02:03:35,68.0,0
2025-12-17 19:25:43,95.9,95
2025-12-10 13:57:47,79.5,0
2025-12-17 02:03:25,68.0,0
2026-01-14 02:07:56,59.0,0
2025-12-17 02:03:43,68.0,0
2025-12-10 13:57:52,95.2,0
2026-01-14 02:08:08,59.0,0
2026-01-14 02:08:00,59.0,0
2025-12-17 02:03:37,68.0,0
2025-12-17 19:25:38,95.9,96
2026-03-20 20:06:56,96.4,0
2025-12-17 02:03:34,68.0,0
2025-12-17 02:03:32,68.0,0
2026-01-13 18:09:38,95.5,78
2025-12-17 19:25:49,95.9,94
2025-12-17 15:22:46,95.5,73
2026-01-13 18:09:36,95.5,78
2025-12-10 13:57:40,95.2,0
2026-01-14 02:08:03,59.0,0
2025-12-17 02:03:39,68.0,0
2025-12-10 13:57:56,95.2,0
2026-01-14 02:08:09,59.0,0
2025-12-17 19:25:52,95.9,93
2026-03-20 20:06:55,96.4,0
2025-12-17 19:25:35,95.9,95
2025-12-10 13:57:49,95.2,0
2025-12-17 19:25:34,95.9,97
2026-03-20 20:06:49,96.4,0
2025-12-10 13:57:51,95.2,0
2025-12-17 02:03:27,68.0,0
2025-12-10 13:57:44,95.2,0
2026-01-14 02:08:02,59.0,0
2026-03-20 20:06:53,96.4,0
2026-01-14 02:08:06,59.0,0
2025-12-10 13:57:57,95.2,0
2026-03-20 20:06:54,96.4,0
2026-01-14 02:07:57,59.0,0
2025-12-17 19:25:48,95.9,94
2025-12-17 02:03:38,68.0,0
2025-12-17 15:22:49,95.5,74
2026-03-20 20:07:02,96.4,70
2025-12-17 19:25:51,95.9,93
2025-12-17 19:25:40,95.9,96
2025-12-10 13:57:59,95.2,0
2025-12-17 02:03:26,68.0,0
2026-01-14 02:08:05,59.0,0
2025-12-10 13:58:01,95.2,0
2026-01-14 02:07:58,59.0,0
2026-03-20 20:06:52,96.4,0
2026-01-14 02:08:04,59.0,0
2025-12-17 19:25:41,95.9,95
2026-01-14 02:08:07,59.0,0
2025-12-17 02:03:28,68.0,0
2026-01-14 02:07:59,59.0,0
2025-12-17 02:03:24,68.2,0
2026-01-14 02:08:15,59.0,0
2025-12-17 19:25:45,95.9,94
2025-12-17 02:03:45,68.0,0
2025-12-10 13:57:53,95.2,0
2026-01-14 02:08:13,59.0,0
2025-12-17 02:03:23,68.2,0
2025-12-10 13:57:42,95.2,0
2026-03-20 20:06:43,96.4,0
2025-12-10 13:57:43,95.2,0
2026-03-20 20:07:00,96.4,0
2026-03-20 20:06:57,96.4,0
2025-12-10 13:57:55,95.2,0
2025-12-10 13:57:46,95.2,0
2025-12-10 13:57:45,95.2,0
2025-12-17 02:03:41,68.2,0
2026-01-13 18:09:37,95.5,78
2025-12-10 13:57:54,95.2,0
2025-12-17 19:25:36,95.9,96
2025-12-17 15:22:44,95.5,73
2025-12-10 13:58:05,95.2,0
2025-12-10 13:57:50,95.2,0
2025-12-17 02:03:44,68.2,0
2026-01-14 02:08:11,59.0,0
2025-12-17 02:03:40,68.0,0
2026-03-20 20:06:41,96.4,0
2026-03-20 20:06:50,96.4,0
2025-12-10 13:57:48,95.2,0
2025-12-10 13:58:03,95.2,0
2025-12-17 02:03:33,68.0,0
2025-12-17 15:22:47,95.5,73
2026-03-20 20:06:47,96.4,0
2025-12-10 13:57:58,95.2,0
2026-03-20 20:06:45,96.4,0
2026-03-20 20:06:48,96.4,0
2025-12-17 15:22:45,95.5,0
2026-03-20 20:06:42,96.4,0
2026-03-20 20:06:58,96.4,0
2025-12-17 02:03:22,68.4,0
2026-03-20 20:07:01,96.4,0
2026-03-20 20:09:09,96.6,75
2025-12-30 21:45:21,96.8,118
2025-12-13 02:04:18,70.5,0
2026-03-25 19:18:21,96.6,97
2025-12-31 04:27:26,60.6,0
2026-01-02 16:08:13,61.0,0
2026-03-20 20:09:08,96.6,74
2026-03-20 20:09:14,96.6,78
2025-12-12 23:26:08,95.5,0
2026-01-02 16:08:29,65.5,0
2026-01-02 16:08:15,61.9,0
2026-01-02 16:08:16,62.2,0
2025-12-13 02:04:10,70.7,0
2026-03-25 19:18:22,96.6,95
2025-12-13 02:04:22,70.3,0
2025-12-31 04:27:27,60.6,0
2025-12-30 21:45:22,96.8,117
2026-01-02 16:08:17,62.6,0
2025-12-31 04:27:30,60.8,0
2026-01-02 16:08:18,62.8,0
2026-03-20 20:09:05,96.6,72
2025-12-31 23:47:41,84.6,0
2026-03-20 20:09:07,96.6,74
2025-12-13 02:04:11,70.5,0
2026-03-25 19:18:15,96.6,101
2025-12-31 23:47:42,96.1,0
2025-12-13 02:04:17,70.5,0
2025-12-13 02:04:20,70.3,0
2026-01-02 16:08:14,61.5,0
2025-12-13 02:04:19,70.5,0
2026-01-02 16:08:24,64.4,0
2026-01-02 16:08:19,63.1,0
2025-12-13 02:04:21,70.3,0
2025-12-30 21:45:20,96.8,0
2025-12-31 23:47:44,96.1,0
2025-12-31 04:27:31,60.8,0
2026-03-25 19:18:16,96.6,101
2026-03-25 19:18:20,96.6,99
2026-03-20 20:09:10,96.6,75
2025-12-13 02:04:12,70.7,0
2026-01-02 16:08:12,60.8,0
2026-03-20 20:09:13,96.6,77
2026-03-20 20:09:12,96.6,76
2026-03-25 19:18:17,96.6,101
2026-03-25 19:18:13,96.6,101
2026-03-20 20:09:06,96.6,0
2026-03-25 19:18:18,96.6,102
2026-03-25 19:18:19,96.6,100
2026-03-20 20:09:11,96.6,76
2026-03-25 19:18:23,96.6,96
2026-03-25 19:18:14,96.6,101
2026-01-02 16:08:22,63.9,0
2026-01-02 16:08:23,64.0,0
2025-12-13 02:04:13,70.5,0
2026-01-02 16:08:21,63.7,0
2025-12-31 04:27:28,60.6,0
2025-12-31 23:47:43,96.1,0
2026-03-20 20:09:15,96.6,75
2025-12-31 04:27:29,60.8,0
2026-01-02 16:08:20,63.3,0
2026-01-02 16:08:25,64.6,0
2025-12-31 23:47:45,95.9,0
2025-12-15 18:24:56,96.6,83
2026-01-08 02:28:11,59.0,0
2025-12-15 18:24:54,96.6,85
2025-12-27 02:39:12,69.3,0
2025-12-27 02:39:10,69.3,0
2025-12-15 18:24:55,96.6,84
2025-12-15 18:24:53,96.6,84
2026-01-08 02:28:12,59.0,0
2026-01-08 02:28:18,59.0,0
2025-12-27 02:39:11,69.3,0
2026-01-08 02:28:13,59.0,0
2025-12-27 02:39:09,69.3,0
2026-02-12 18:51:25,97.0,61
2026-01-12 18:33:14,95.4,0
2026-01-21 04:08:49,62.1,0
2026-02-12 18:51:34,97.0,65
2026-04-19 04:37:12,96.6,0
2026-01-12 18:33:19,81.0,0
2026-04-19 04:37:25,96.6,0
2026-01-12 18:33:47,95.4,65
2026-01-12 18:33:37,95.4,0
2026-01-12 18:33:11,95.4,0
2026-02-12 18:51:16,97.0,0
2026-01-22 00:16:34,63.3,0
2026-01-12 18:33:36,95.4,0
2026-01-21 04:08:42,62.1,0
2026-01-12 18:32:45,95.4,0
2026-02-12 18:51:38,97.0,65
2026-02-12 18:51:39,97.0,64
2026-01-12 18:32:29,95.4,0
2026-02-12 18:51:27,97.0,62
2026-04-19 04:37:38,96.6,0
2026-02-12 18:49:03,97.2,61
2026-04-19 04:37:39,96.6,0
2026-02-12 18:51:22,97.0,0
2026-04-19 04:37:26,96.6,0
2026-02-12 18:48:58,97.2,0
2026-01-12 18:33:30,95.4,0
2026-01-12 18:32:43,95.4,0
2026-01-31 04:11:01,60.6,0
2026-01-12 18:33:48,95.4,66
2026-01-12 18:32:24,95.4,0
2026-01-12 18:32:56,95.5,0
2026-01-31 04:11:06,60.8,0
2026-01-12 18:32:46,95.5,0
2026-01-12 18:32:38,95.4,0
2026-01-21 04:08:45,62.1,0
2026-04-19 04:37:37,96.6,0
2026-01-21 04:08:37,62.1,0
2026-01-12 18:32:34,95.4,0
2026-01-22 00:16:35,63.3,0
2026-02-11 04:24:10,68.2,0
2026-01-31 04:11:07,60.6,0
2026-01-12 18:33:12,95.4,0
2026-02-12 18:51:32,97.0,64
2026-02-12 18:51:12,97.0,0
2026-01-21 04:08:40,62.1,0
2026-01-12 18:33:13,95.4,0
2026-01-12 18:32:58,95.5,0
2026-01-12 18:32:37,95.4,0
2026-01-21 04:08:36,62.1,0
2026-01-12 18:32:47,95.4,0
2026-01-12 18:33:16,81.0,0
2026-01-21 04:08:33,62.1,0
2026-01-31 04:11:02,60.6,0
2026-04-19 04:37:35,96.6,0
2026-01-21 04:08:31,62.1,0
2026-01-12 18:32:49,95.5,0
2026-04-19 04:37:51,96.6,0
2026-01-12 18:33:24,95.4,0
2026-01-12 18:33:55,95.4,67
2026-01-12 18:33:40,95.4,69
2026-01-12 18:33:34,95.4,0
2026-01-21 04:08:53,62.1,0
2026-01-12 18:32:33,95.4,0
2026-01-21 04:08:48,62.1,0
2026-01-12 18:33:33,95.4,0
2026-04-19 04:37:27,96.6,0
2026-01-22 00:16:37,63.5,0
2026-01-12 18:33:54,95.4,67
2026-01-31 04:11:05,60.8,0
2026-04-19 04:37:22,96.6,0
2026-01-31 04:11:00,60.8,0
2026-02-12 18:51:41,97.0,65
2026-02-12 18:51:30,97.0,66
2026-01-12 18:33:23,95.4,0
2026-01-12 18:33:28,95.4,0
2026-01-21 04:08:41,61.9,0
2026-02-12 18:51:17,97.0,0
2026-01-12 18:33:39,95.4,69
2026-01-21 04:08:57,62.1,0
2026-01-21 04:08:46,62.1,0
2026-04-19 04:37:31,96.6,0
2026-01-21 04:08:55,62.1,0
2026-01-12 18:33:58,95.4,70
2026-04-19 04:37:13,96.6,0
2026-02-12 18:49:01,97.2,61
2026-01-12 18:33:59,95.4,71
2026-01-12 18:33:56,95.4,68
2026-01-12 18:33:51,95.4,67
2026-01-12 18:33:35,95.4,0
2026-01-12 18:32:44,95.4,0
2026-04-19 04:37:45,96.6,0
2026-04-19 04:37:20,96.6,0
2026-01-12 18:32:26,95.4,0
2026-01-31 04:11:08,60.8,0
2026-04-19 04:37:50,96.6,0
2026-01-21 04:08:56,62.1,0
2026-04-19 04:37:14,96.6,0
2026-01-12 18:33:43,95.4,67
2026-01-12 18:32:32,95.4,0
2026-01-21 04:08:47,61.9,0
2026-02-12 18:51:13,97.0,0
2026-01-12 18:33:32,95.4,0
2026-01-12 18:33:57,95.4,68
2026-02-12 18:51:33,97.0,65
2026-01-12 18:33:50,95.4,66
2026-02-11 04:24:11,68.4,0
2026-01-12 18:33:21,95.4,0
2026-02-12 18:51:21,97.0,0
2026-01-21 04:08:44,62.1,0
2026-01-12 18:33:27,95.4,0
2026-04-19 04:37:21,96.6,0
2026-04-19 04:37:32,96.6,0
2026-04-19 04:37:18,96.6,0
2026-04-19 04:37:17,96.6,0
2026-01-12 18:33:26,95.4,0
2026-01-21 04:08:51,62.1,0
2026-01-21 04:08:34,62.1,0
2026-02-12 18:51:26,97.0,61
2026-04-19 04:37:23,96.6,0
2026-01-21 04:08:50,62.1,0
2026-01-21 04:08:28,62.1,0
2026-01-12 18:32:25,95.4,0
2026-02-12 18:49:00,97.2,61
2026-04-19 04:37:46,96.6,0
2026-01-12 18:32:23,95.4,0
2026-01-12 18:33:44,95.4,66
2026-01-12 18:32:30,95.4,0
2026-04-19 04:37:48,96.6,0
2026-01-21 04:08:52,62.1,0
2026-01-21 04:08:32,61.9,0
2026-04-19 04:37:28,96.6,0
2026-01-12 18:33:15,95.4,0
2026-01-21 04:08:27,62.1,0
2026-01-12 18:33:46,95.4,65
2026-01-12 18:32:48,95.5,0
2026-04-19 04:37:44,96.6,0
2026-01-21 04:08:43,62.1,0
2026-04-19 04:37:24,96.6,0
2026-02-11 04:24:09,68.2,0
2026-02-12 18:51:29,97.0,64
2026-01-12 18:33:52,95.4,66
2026-02-12 18:51:14,97.0,0
2026-01-12 18:33:53,95.4,66
2026-01-12 18:32:55,95.5,0
2026-04-19 04:37:43,96.6,0
2026-02-12 18:51:31,97.0,64
2026-02-12 18:51:40,97.0,64
2026-01-12 18:32:28,95.4,0
2026-01-12 18:32:31,95.4,0
2026-01-12 18:33:42,95.4,66
2026-02-12 18:51:19,97.0,0
2026-02-12 18:49:02,97.2,61
2026-01-31 04:11:04,60.6,0
2026-01-12 18:33:25,95.4,0
2026-04-19 04:37:34,96.6,0
2026-01-21 04:08:30,62.1,0
2026-01-12 18:32:39,95.4,0
2026-01-31 04:11:03,60.6,0
2026-02-12 18:51:15,97.0,0
2026-01-21 04:08:54,62.1,0
2026-04-19 04:37:40,96.6,0
2026-04-19 04:37:29,96.6,0
2026-01-12 18:33:20,95.4,0
2026-04-19 04:37:41,96.6,0
2026-01-12 18:33:38,95.4,69
2026-01-12 18:33:18,95.4,0
2026-02-12 18:51:28,97.0,62
2026-04-19 04:37:36,96.6,0
2026-04-19 04:37:16,96.6,0
2026-01-12 18:33:17,81.0,0
2026-01-12 18:32:35,95.4,0
2026-01-12 18:32:27,95.4,0
2026-04-19 04:37:52,96.6,0
2026-01-12 18:33:29,95.4,0
2026-01-12 18:33:22,95.4,0
2026-01-12 18:32:36,95.4,0
2026-02-12 18:51:36,97.0,65
2026-01-12 18:32:59,95.5,0
2026-04-19 04:37:49,96.6,0
2026-04-19 04:37:47,96.6,0
2026-01-12 18:32:57,95.5,0
2026-01-21 04:08:39,62.1,0
2026-02-12 18:51:37,97.0,65
2026-02-12 18:51:20,97.0,0
2026-01-12 18:33:31,95.4,0
2026-04-19 04:37:30,96.6,0
2026-01-12 18:33:41,95.4,69
2026-01-21 04:08:29,61.9,0
2026-02-12 18:51:24,97.0,0
2026-04-19 04:37:33,96.6,0
2026-04-19 04:37:15,96.6,0
2026-02-12 18:51:23,97.0,0
2026-01-12 18:32:42,95.4,0
2026-04-19 04:37:19,96.6,0
2026-02-12 18:49:04,97.2,62
2026-04-19 04:37:42,96.6,0
2026-01-12 18:33:49,95.4,66
2026-01-22 00:16:36,63.5,0
2026-01-12 18:32:40,95.4,0
2026-02-12 18:48:59,97.2,61
2026-02-12 18:51:18,97.0,0
2026-01-21 04:08:35,61.9,0
2026-01-12 18:33:45,95.4,65
2026-02-12 18:51:35,97.0,65
2026-01-12 18:32:41,95.4,0
2026-01-21 04:08:38,61.9,0
2026-03-25 19:24:26,96.4,85
2026-03-20 18:35:22,96.3,0
2026-03-20 18:35:29,96.4,0
2026-01-14 04:34:24,59.0,0
2026-03-20 18:35:30,96.4,0
2026-03-20 19:36:59,96.1,70
2026-03-20 19:36:53,96.1,73
2026-03-20 19:36:37,96.1,63
2026-03-20 19:47:02,96.6,86
2026-03-20 19:47:05,96.6,85
2026-03-25 19:24:34,96.4,86
2026-03-20 18:35:34,96.3,0
2026-03-25 19:24:17,96.4,85
2026-03-20 18:35:36,96.3,0
2026-03-20 18:35:28,96.4,0
2026-03-20 19:47:13,96.6,89
2026-01-14 04:34:35,59.0,0
2026-03-25 19:24:19,96.4,85
2026-03-20 18:35:31,96.4,0
2026-01-14 04:34:43,59.0,0
2026-03-25 19:24:33,96.4,85
2026-03-20 19:47:01,96.6,86
2026-03-25 19:24:13,96.4,85
2026-03-25 19:24:28,96.4,85
2026-03-25 19:24:14,96.4,85
2026-03-20 19:47:00,96.6,85
2026-03-25 19:24:12,96.4,0
2026-03-20 19:47:22,96.6,91
2026-03-20 19:47:04,96.6,85
2026-03-20 18:35:39,96.3,63
2026-03-20 18:35:40,96.3,63
2026-03-20 19:46:59,96.6,84
2026-01-14 04:34:33,59.0,0
2026-01-14 04:34:25,59.0,0
2026-03-20 19:36:54,96.1,74
2026-03-20 19:46:58,96.6,85
2026-03-20 18:35:27,96.4,0
2026-03-20 19:47:07,96.6,86
2026-01-14 04:34:40,59.0,0
2026-03-20 19:36:56,96.1,72
2026-03-25 19:24:32,96.4,85
2026-03-25 19:24:25,96.4,85
2026-03-20 19:36:46,96.1,64
2026-03-25 19:24:29,96.4,85
2026-03-25 19:24:20,96.4,86
2026-03-20 18:35:33,96.4,0
2026-03-20 18:35:37,96.3,0
2026-03-20 19:47:14,96.6,89
2026-03-20 19:36:36,96.1,63
2026-01-14 04:34:34,59.0,0
2026-03-25 19:24:16,96.4,86
2026-03-20 18:35:17,96.3,0
2026-01-14 04:34:30,59.0,0
2026-01-14 04:34:27,59.0,0
2026-03-20 19:47:19,96.6,90
2026-01-14 04:34:29,59.0,0
2026-01-14 04:34:44,59.0,0
2026-03-20 18:35:38,96.3,0
2026-03-20 19:36:42,96.1,63
2026-03-20 19:47:03,96.6,85
2026-03-20 19:36:38,96.1,63
2026-03-20 18:35:18,96.3,0
2026-03-20 19:36:57,96.1,71
2026-03-20 19:47:10,96.6,87
2026-03-20 19:47:17,96.6,90
2026-01-14 04:34:48,59.0,0
2026-03-20 19:36:41,96.1,64
2026-03-20 19:36:45,96.1,64
2026-03-25 19:24:22,96.4,86
2026-03-20 19:37:01,96.1,69
2026-03-20 19:47:20,96.6,90
2026-03-20 18:35:21,96.3,0
2026-01-14 04:34:37,59.0,0
2026-01-14 04:34:39,59.0,0
2026-03-20 19:36:44,96.1,63
2026-03-20 19:37:02,96.1,69
2026-03-25 19:24:27,96.4,85
2026-03-25 19:24:11,96.4,85
2026-03-20 18:35:20,86.0,0
2026-01-14 04:34:42,59.0,0
2026-03-20 19:36:49,96.1,71
2026-03-25 19:24:36,96.4,84
2026-03-20 19:36:47,96.1,65
2026-01-14 04:34:47,59.0,0
2026-03-25 19:24:15,96.4,85
2026-03-20 19:47:18,96.6,91
2026-01-14 04:34:28,59.0,0
2026-03-20 19:47:16,96.6,90
2026-03-20 19:36:55,96.1,73
2026-03-20 19:47:21,96.6,90
2026-03-25 19:24:21,96.4,85
2026-03-20 19:47:11,96.6,88
2026-03-20 19:36:48,96.1,64
2026-03-20 19:47:15,96.6,90
2026-03-20 18:35:32,96.4,0
2026-01-14 04:34:41,59.0,0
2026-03-20 19:36:40,96.1,63
2026-03-20 18:35:41,96.3,63
2026-03-20 18:35:23,96.3,0
2026-03-20 19:36:50,96.1,72
2026-03-20 18:35:26,96.4,0
2026-01-14 04:34:31,59.0,0
2026-03-20 19:36:51,96.1,72
2026-03-25 19:24:35,96.4,85
2026-03-25 19:24:18,96.4,85
2026-03-20 18:35:19,96.4,0
2026-03-20 18:35:24,96.4,0
2026-01-14 04:34:36,59.0,0
2026-03-25 19:24:31,96.4,85
2026-01-14 04:34:26,59.0,0
2026-03-25 19:24:24,96.4,86
2026-03-20 19:47:09,96.6,87
2026-03-25 19:24:30,96.4,86
2026-03-20 19:36:58,96.1,70
2026-01-14 04:34:38,59.0,0
2026-03-20 19:47:06,96.6,85
2026-03-20 19:37:00,96.1,69
2026-03-20 19:47:12,96.6,88
2026-03-20 19:47:08,96.6,87
2026-01-14 04:34:46,59.0,0
2026-03-20 18:35:25,96.4,0
2026-03-20 19:36:39,96.1,63
2026-03-25 19:24:23,96.4,85
2026-03-20 18:35:15,96.4,0
2026-01-14 04:34:45,59.0,0
2026-03-20 18:35:35,96.4,0
2026-03-20 19:36:52,96.1,73
2026-03-20 18:35:16,96.3,0
2026-03-20 19:36:43,96.1,63
2026-01-14 04:34:32,59.0,0
2026-03-20 18:35:44,96.3,63
2025-12-15 23:23:43,96.1,107
2026-01-08 02:28:27,59.0,0
2025-12-16 02:10:06,68.5,0
2026-01-08 02:28:32,59.0,0
2025-12-15 23:23:41,96.1,0
2026-01-08 02:28:33,59.0,0
2026-03-20 18:35:46,96.3,62
2026-03-20 18:35:43,96.3,63
2026-03-20 18:35:50,96.3,63
2026-01-08 02:28:21,59.0,0
2026-03-20 18:35:56,96.3,60
2026-01-08 02:28:31,59.0,0
2026-03-20 18:35:58,96.3,59
2026-01-08 02:28:29,59.0,0
2026-01-08 02:28:28,59.0,0
2026-01-03 17:26:56,59.0,0
2025-12-15 03:59:34,69.6,0
2026-01-08 02:28:26,59.0,0
2025-12-15 03:59:37,69.6,0
2025-12-15 23:23:48,96.1,100
2025-12-13 15:41:49,96.8,85
2026-01-03 04:33:31,59.7,0
2025-12-16 02:10:14,68.5,0
2026-03-20 18:35:48,96.3,63
2026-01-08 02:28:34,59.0,0
2026-01-03 04:33:35,59.5,0
2026-01-03 17:27:01,59.0,0
2025-12-16 02:10:13,68.5,0
2026-03-20 18:35:51,96.3,62
2025-12-15 03:59:39,69.6,0
2026-01-03 17:26:55,59.0,0
2026-01-03 04:33:34,59.5,0
2025-12-13 15:41:46,96.8,85
2026-01-08 02:28:35,59.0,0
2025-12-15 23:23:45,96.1,104
2025-12-16 02:10:12,68.5,0
2025-12-15 03:59:31,69.6,0
2025-12-13 15:41:43,96.8,0
2026-01-03 17:26:58,59.0,0
2025-12-13 15:41:44,96.8,85
2026-01-08 02:28:24,59.0,0
2026-03-20 18:35:52,96.3,62
2025-12-15 03:59:33,69.6,0
2026-03-20 18:35:49,96.3,63
2025-12-15 03:59:35,69.8,0
2025-12-13 15:41:45,96.8,85
2026-01-03 17:26:57,59.0,0
2025-12-16 02:10:11,68.5,0
2026-01-08 02:28:25,59.0,0
2025-12-13 15:41:47,96.8,86
2026-01-08 02:28:23,59.0,0
2026-03-20 18:35:54,96.3,61
2026-01-03 17:26:53,59.0,0
2026-01-03 17:26:54,59.0,0
2025-12-16 02:10:07,68.5,0
2026-01-03 17:27:00,59.0,0
2026-03-20 18:35:47,96.3,62
2026-03-20 18:35:45,96.3,62
2026-01-03 04:33:33,59.7,0
2025-12-15 03:59:30,69.6,0
2025-12-15 03:59:36,69.8,0
2025-12-15 03:59:32,69.6,0
2025-12-16 02:10:10,68.5,0
2026-01-08 02:28:22,59.0,0
2025-12-15 23:23:42,96.1,106
2026-01-03 17:26:59,59.0,0
2026-01-03 04:33:29,59.5,0
2026-01-03 04:33:30,59.5,0
2025-12-15 23:23:46,96.1,102
2026-01-03 17:27:02,59.0,0
2025-12-13 15:41:48,96.8,85
2025-12-15 23:23:47,96.1,101
2025-12-16 02:10:09,68.5,0
2026-03-20 18:35:42,96.3,63
2026-03-20 18:35:55,96.3,61
2026-03-20 18:35:53,96.3,62
2026-01-03 04:33:32,59.5,0
2025-12-16 02:10:08,68.4,0
2025-12-15 23:23:44,96.1,105
2025-12-15 23:23:49,96.1,99
2026-01-08 02:28:30,59.0,0
2025-12-15 03:59:38,69.8,0
2026-01-17 00:04:47,61.7,0
2026-01-05 23:49:17,76.6,99
2026-01-16 03:00:00,59.0,0
2026-01-17 00:04:48,61.3,0
2026-01-20 22:39:44,60.6,0
2026-01-05 23:49:15,76.8,98
2026-01-16 02:59:59,59.0,0
2026-01-17 00:04:50,61.3,0
2026-01-05 23:49:18,76.6,100
2026-01-17 00:04:46,61.3,0
2025-12-29 01:39:46,77.4,60
2026-01-20 22:39:46,60.6,0
2026-01-16 03:00:04,59.0,0
2026-01-17 00:04:51,61.3,0
2026-01-05 23:49:16,76.6,98
2025-12-29 01:39:41,77.4,61
2026-01-20 22:39:48,60.6,0
2026-01-17 00:04:52,61.3,0
2026-01-05 23:49:14,76.8,0
2026-01-20 22:39:43,60.6,0
2025-12-29 01:39:42,77.4,62
2026-01-17 00:04:49,61.3,0
2026-01-05 23:49:19,76.6,100
2025-12-29 01:39:44,77.4,60
2026-01-20 22:39:47,60.8,0
2026-01-16 02:59:57,59.0,0
2026-01-16 02:59:58,59.0,0
2026-01-20 22:39:45,60.6,0
2025-12-29 01:39:40,77.4,61
2025-12-29 01:39:43,77.4,61
