logDateTime,logEndTime,steps,distance
2026-01-25 18:09:00,2026-01-25 18:19:00,633,29
2026-01-25 22:48:00,2026-01-25 22:58:00,33,1
2026-01-28 23:24:00,2026-01-28 23:34:00,24,1
2026-01-25 03:11:00,2026-01-25 03:21:00,32,0
2026-01-28 23:07:00,2026-01-28 23:17:00,164,8
2026-01-25 23:50:00,2026-01-26 00:00:00,405,23
2026-01-25 20:03:00,2026-01-25 20:13:00,170,7
2026-01-26 02:25:00,2026-01-26 02:35:00,49,2
2026-01-30 20:15:00,2026-01-30 20:25:00,795,43
2026-02-02 18:08:00,2026-02-02 18:18:00,59,4
2026-02-01 19:03:00,2026-02-01 19:13:00,46,3
2026-01-25 19:53:00,2026-01-25 20:03:00,399,20
2026-01-25 01:43:00,2026-01-25 01:53:00,69,3
2026-01-25 03:38:00,2026-01-25 03:48:00,20,1
2026-01-26 16:44:00,2026-01-26 16:54:00,377,22
2026-01-25 23:01:00,2026-01-25 23:11:00,34,2
2026-01-25 19:15:00,2026-01-25 19:25:00,15,0
2026-01-25 23:21:00,2026-01-25 23:31:00,97,4
2026-02-01 19:17:00,2026-02-01 19:27:00,15,0
2026-02-01 15:42:00,2026-02-01 15:52:00,22,0
2026-02-01 14:54:00,2026-02-01 15:04:00,539,28
2026-01-28 21:48:00,2026-01-28 21:58:00,129,5
2026-02-01 17:16:00,2026-02-01 17:26:00,788,43
2026-01-25 21:19:00,2026-01-25 21:29:00,66,2
2026-01-25 15:16:00,2026-01-25 15:26:00,107,6
2026-02-01 17:06:00,2026-02-01 17:16:00,1155,64
2026-01-25 21:35:00,2026-01-25 21:45:00,129,8
2026-02-01 16:45:00,2026-02-01 16:55:00,258,13
2026-01-31 21:15:00,2026-01-31 21:25:00,634,32
2026-01-26 03:16:00,2026-01-26 03:26:00,67,3
2026-01-25 04:26:00,2026-01-25 04:36:00,15,0
2026-02-01 00:54:00,2026-02-01 01:04:00,55,2
2026-01-29 02:20:00,2026-01-29 02:30:00,18,2
2026-01-30 21:02:00,2026-01-30 21:12:00,251,11
2026-01-31 21:27:00,2026-01-31 21:37:00,71,4
2026-01-25 23:38:00,2026-01-25 23:48:00,97,5
2026-02-01 18:37:00,2026-02-01 18:47:00,52,2
2026-02-01 21:11:00,2026-02-01 21:21:00,158,7
2026-01-25 17:29:00,2026-01-25 17:39:00,1115,62
2026-01-30 19:55:00,2026-01-30 20:05:00,251,12
2026-01-26 02:36:00,2026-01-26 02:46:00,19,1
2026-01-30 20:52:00,2026-01-30 21:02:00,526,26
2026-01-29 23:58:00,2026-01-30 00:08:00,68,2
2026-01-28 20:50:00,2026-01-28 21:00:00,268,13
2026-01-26 02:56:00,2026-01-26 03:06:00,157,7
2026-02-01 01:07:00,2026-02-01 01:17:00,108,5
2026-02-02 18:50:00,2026-02-02 19:00:00,249,13
2026-01-28 22:36:00,2026-01-28 22:46:00,70,3
2026-01-25 04:49:00,2026-01-25 04:59:00,178,8
2026-01-26 16:34:00,2026-01-26 16:44:00,374,18
2026-02-02 18:21:00,2026-02-02 18:31:00,226,10
2026-01-26 00:00:00,2026-01-26 00:10:00,529,27
2026-01-25 20:59:00,2026-01-25 21:09:00,516,28
2026-01-31 21:05:00,2026-01-31 21:15:00,766,44
2026-01-25 17:19:00,2026-01-25 17:29:00,481,25
2026-01-25 20:30:00,2026-01-25 20:40:00,97,5
2026-01-25 15:55:00,2026-01-25 16:05:00,24,0
2026-02-02 20:36:00,2026-02-02 20:46:00,617,33
2026-01-25 19:43:00,2026-01-25 19:53:00,357,19
2026-02-01 18:11:00,2026-02-01 18:21:00,603,32
2026-01-26 01:51:00,2026-01-26 02:01:00,123,6
2026-02-01 01:20:00,2026-02-01 01:30:00,103,5
2026-01-26 01:41:00,2026-01-26 01:51:00,26,1
2026-01-25 22:27:00,2026-01-25 22:37:00,24,1
2026-01-25 01:29:00,2026-01-25 01:39:00,88,4
2026-02-01 21:21:00,2026-02-01 21:31:00,621,26
2026-01-31 21:57:00,2026-01-31 22:07:00,197,8
2026-02-01 20:49:00,2026-02-01 20:59:00,152,8
2026-01-29 01:36:00,2026-01-29 01:46:00,15,0
2026-01-29 00:57:00,2026-01-29 01:07:00,18,0
2026-01-25 16:49:00,2026-01-25 16:59:00,41,2
2026-01-26 00:30:00,2026-01-26 00:40:00,12,0
2026-01-26 01:20:00,2026-01-26 01:30:00,60,3
2026-01-26 01:10:00,2026-01-26 01:20:00,58,2
2026-01-31 03:50:00,2026-01-31 04:00:00,101,4
2026-01-28 23:34:00,2026-01-28 23:44:00,104,4
2026-01-25 05:03:00,2026-01-25 05:13:00,105,5
2026-02-01 16:56:00,2026-02-01 17:06:00,679,38
2026-02-01 15:15:00,2026-02-01 15:25:00,133,8
2026-01-25 17:49:00,2026-01-25 17:59:00,462,20
2026-01-31 22:52:00,2026-01-31 23:02:00,10,0
2026-01-31 23:07:00,2026-01-31 23:17:00,42,2
2026-01-25 05:31:00,2026-01-25 05:41:00,10,0
2026-01-25 15:06:00,2026-01-25 15:16:00,568,29
2026-02-01 20:16:00,2026-02-01 20:26:00,26,0
2026-01-25 03:57:00,2026-01-25 04:07:00,22,1
2026-01-28 19:56:00,2026-01-28 20:06:00,364,20
2026-02-01 20:59:00,2026-02-01 21:09:00,87,3
2026-01-25 18:29:00,2026-01-25 18:39:00,238,13
2026-01-25 17:39:00,2026-01-25 17:49:00,858,47
2026-01-25 19:29:00,2026-01-25 19:39:00,38,1
2026-02-02 17:40:00,2026-02-02 17:50:00,232,11
2026-01-31 23:41:00,2026-01-31 23:51:00,33,1
2026-02-02 18:34:00,2026-02-02 18:44:00,70,2
2026-01-31 20:36:00,2026-01-31 20:46:00,522,27
2026-02-02 20:21:00,2026-02-02 20:31:00,64,2
2026-01-28 19:46:00,2026-01-28 19:56:00,697,39
2026-01-26 00:14:00,2026-01-26 00:24:00,25,1
2026-01-26 17:07:00,2026-01-26 17:17:00,23,0
2026-01-26 16:56:00,2026-01-26 17:06:00,502,25
2026-01-29 23:31:00,2026-01-29 23:41:00,13,1
2026-02-01 19:27:00,2026-02-01 19:37:00,21,1
2026-02-01 16:01:00,2026-02-01 16:11:00,10,0
2026-01-25 17:59:00,2026-01-25 18:09:00,405,20
2026-01-25 01:56:00,2026-01-25 02:06:00,30,1
2026-01-26 03:06:00,2026-01-26 03:16:00,242,10
2026-01-25 21:09:00,2026-01-25 21:19:00,239,11
2026-01-29 02:40:00,2026-01-29 02:50:00,196,11
2026-02-01 19:39:00,2026-02-01 19:49:00,71,4
2026-01-25 22:05:00,2026-01-25 22:15:00,108,5
2026-02-01 15:05:00,2026-02-01 15:15:00,583,32
2026-01-30 20:05:00,2026-01-30 20:15:00,352,18
2026-01-29 02:30:00,2026-01-29 02:40:00,113,5
2026-02-02 17:22:00,2026-02-02 17:32:00,33,1
2026-02-01 00:28:00,2026-02-01 00:38:00,233,11
2026-01-31 23:24:00,2026-01-31 23:34:00,12,0
2026-02-01 18:21:00,2026-02-01 18:31:00,222,11
2026-01-25 18:19:00,2026-01-25 18:29:00,720,37
2026-02-01 17:26:00,2026-02-01 17:36:00,507,29
2026-01-31 22:30:00,2026-01-31 22:40:00,35,1
2026-02-02 17:58:00,2026-02-02 18:08:00,61,2
2026-01-31 20:55:00,2026-01-31 21:05:00,657,33
2026-01-31 21:39:00,2026-01-31 21:49:00,19,1
2026-01-25 21:50:00,2026-01-25 22:00:00,104,3
2026-01-25 14:56:00,2026-01-25 15:06:00,992,54
2026-01-28 21:11:00,2026-01-28 21:21:00,191,10
2026-01-31 22:16:00,2026-01-31 22:26:00,139,7
2026-01-29 02:04:00,2026-01-29 02:14:00,41,2
2026-02-01 20:05:00,2026-02-01 20:15:00,83,3
2026-01-25 20:13:00,2026-01-25 20:23:00,120,6
2026-04-29 17:28:00,2026-04-29 17:38:00,112,5
2026-02-18 00:14:00,2026-02-18 00:24:00,440,23
2026-02-18 17:47:00,2026-02-18 17:57:00,10,0
2026-04-29 15:42:00,2026-04-29 15:52:00,21,1
2026-04-29 14:48:00,2026-04-29 14:58:00,178,9
2026-04-29 14:38:00,2026-04-29 14:48:00,444,24
2026-02-18 00:28:00,2026-02-18 00:38:00,43,2
2026-04-29 14:18:00,2026-04-29 14:28:00,833,43
2026-02-18 19:15:00,2026-02-18 19:25:00,10,0
2026-04-29 17:18:00,2026-04-29 17:28:00,50,3
2026-04-29 16:39:00,2026-04-29 16:49:00,139,7
2026-02-18 00:56:00,2026-02-18 01:06:00,36,2
2026-02-18 02:23:00,2026-02-18 02:33:00,450,24
2026-04-29 17:42:00,2026-04-29 17:52:00,557,30
2026-04-29 18:04:00,2026-04-29 18:14:00,182,9
2026-04-29 16:19:00,2026-04-29 16:29:00,66,3
2026-02-18 01:43:00,2026-02-18 01:53:00,20,1
2026-02-17 23:34:00,2026-02-17 23:44:00,64,2
2026-04-29 14:04:00,2026-04-29 14:14:00,627,35
2026-04-29 16:02:00,2026-04-29 16:12:00,206,9
2026-04-29 15:28:00,2026-04-29 15:38:00,56,2
2026-04-29 13:45:00,2026-04-29 13:55:00,162,7
2026-02-18 17:28:00,2026-02-18 17:38:00,181,8
2026-04-29 13:35:00,2026-04-29 13:45:00,678,37
2026-04-29 14:28:00,2026-04-29 14:38:00,946,51
2026-04-29 15:15:00,2026-04-29 15:25:00,21,1
2026-04-29 13:10:00,2026-04-29 13:20:00,105,5
2026-02-18 02:33:00,2026-02-18 02:43:00,49,2
2026-02-18 00:04:00,2026-02-18 00:14:00,306,15
2026-04-29 13:25:00,2026-04-29 13:35:00,513,28
2026-02-18 01:13:00,2026-02-18 01:23:00,14,0
2026-04-29 17:54:00,2026-04-29 18:04:00,274,13
2026-04-29 16:29:00,2026-04-29 16:39:00,210,11
2026-04-29 17:03:00,2026-04-29 17:13:00,54,1
2026-02-17 23:20:00,2026-02-17 23:30:00,130,7
2026-03-09 21:39:00,2026-03-09 21:49:00,195,9
2026-03-09 21:59:00,2026-03-09 22:09:00,106,4
2026-04-29 05:53:00,2026-04-29 06:03:00,15,0
2026-02-06 23:22:00,2026-02-06 23:32:00,96,4
2026-02-07 01:41:00,2026-02-07 01:51:00,103,5
2026-02-05 00:47:00,2026-02-05 00:57:00,139,6
2025-12-23 19:08:00,2025-12-23 19:18:00,156,8
2026-02-04 22:04:00,2026-02-04 22:14:00,33,1
2025-12-24 01:16:00,2025-12-24 01:26:00,55,2
2026-02-07 02:17:00,2026-02-07 02:27:00,251,13
2026-02-06 18:35:00,2026-02-06 18:45:00,305,15
2025-12-23 19:19:00,2025-12-23 19:29:00,68,3
2026-02-17 22:11:00,2026-02-17 22:21:00,19,0
2026-02-06 18:45:00,2026-02-06 18:55:00,365,17
2025-12-24 05:40:00,2025-12-24 05:50:00,12,1
2026-02-08 22:54:00,2026-02-08 23:04:00,428,23
2026-02-17 22:35:00,2026-02-17 22:45:00,340,17
2026-02-06 21:07:00,2026-02-06 21:17:00,17,1
2025-12-26 20:35:00,2025-12-26 20:45:00,72,3
2025-12-25 01:28:00,2025-12-25 01:38:00,57,3
2025-12-26 19:48:00,2025-12-26 19:58:00,189,9
2026-02-04 00:52:00,2026-02-04 01:02:00,45,2
2026-02-05 19:05:00,2026-02-05 19:15:00,21,0
2026-02-05 23:40:00,2026-02-05 23:50:00,658,34
2025-12-23 18:40:00,2025-12-23 18:50:00,49,2
2025-12-23 20:43:00,2025-12-23 20:53:00,114,6
2025-12-24 04:41:00,2025-12-24 04:51:00,28,2
2025-12-24 03:43:00,2025-12-24 03:53:00,142,6
2026-02-06 21:35:00,2026-02-06 21:45:00,177,7
2025-12-26 23:58:00,2025-12-27 00:08:00,197,8
2026-02-05 18:01:00,2026-02-05 18:11:00,483,24
2026-02-17 21:50:00,2026-02-17 22:00:00,22,0
2025-12-23 17:53:00,2025-12-23 18:03:00,556,24
2026-02-08 02:01:00,2026-02-08 02:11:00,27,1
2025-12-25 19:37:00,2025-12-25 19:47:00,71,3
2026-02-06 02:11:00,2026-02-06 02:21:00,152,7
2026-02-07 17:11:00,2026-02-07 17:21:00,374,17
2025-12-24 21:23:00,2025-12-24 21:33:00,112,6
2026-02-06 21:45:00,2026-02-06 21:55:00,11,0
2026-02-07 18:30:00,2026-02-07 18:40:00,42,1
2026-02-06 02:44:00,2026-02-06 02:54:00,56,2
2026-02-06 00:59:00,2026-02-06 01:09:00,559,29
2025-12-24 02:08:00,2025-12-24 02:18:00,17,0
2025-12-25 03:08:00,2025-12-25 03:18:00,163,7
2025-12-25 22:06:00,2025-12-25 22:16:00,111,5
2025-12-25 17:45:00,2025-12-25 17:55:00,294,14
2026-02-04 03:10:00,2026-02-04 03:20:00,19,1
2025-12-24 01:46:00,2025-12-24 01:56:00,127,5
2025-12-25 03:33:00,2025-12-25 03:43:00,159,8
2026-02-05 21:43:00,2026-02-05 21:53:00,12,0
2026-02-08 23:24:00,2026-02-08 23:34:00,44,2
2026-02-05 00:33:00,2026-02-05 00:43:00,241,11
2026-02-05 20:04:00,2026-02-05 20:14:00,455,24
2026-02-04 01:37:00,2026-02-04 01:47:00,39,2
2025-12-24 20:13:00,2025-12-24 20:23:00,137,6
2026-02-06 02:24:00,2026-02-06 02:34:00,370,17
2026-02-07 17:00:00,2026-02-07 17:10:00,526,27
2025-12-23 19:44:00,2025-12-23 19:54:00,41,3
2026-02-07 03:55:00,2026-02-07 04:05:00,298,13
2025-12-26 04:40:00,2025-12-26 04:50:00,215,11
2026-02-08 18:28:00,2026-02-08 18:38:00,43,1
2026-02-08 21:26:00,2026-02-08 21:36:00,15,1
2025-12-27 01:43:00,2025-12-27 01:53:00,20,1
2025-12-24 18:20:00,2025-12-24 18:30:00,159,7
2025-12-24 18:37:00,2025-12-24 18:47:00,20,1
2025-12-25 20:33:00,2025-12-25 20:43:00,74,3
2026-02-05 01:12:00,2026-02-05 01:22:00,151,6
2025-12-25 19:27:00,2025-12-25 19:37:00,185,10
2025-12-24 03:29:00,2025-12-24 03:39:00,104,4
2026-02-08 23:04:00,2026-02-08 23:14:00,499,27
2026-02-08 21:16:00,2026-02-08 21:26:00,10,0
2025-12-27 05:33:00,2025-12-27 05:43:00,175,8
2026-02-07 18:46:00,2026-02-07 18:56:00,44,2
2026-02-08 02:24:00,2026-02-08 02:34:00,128,6
2025-12-27 03:04:00,2025-12-27 03:14:00,91,4
2025-12-25 23:40:00,2025-12-25 23:50:00,25,1
2026-02-06 19:50:00,2026-02-06 20:00:00,247,11
2025-12-25 01:18:00,2025-12-25 01:28:00,77,4
2026-02-07 02:27:00,2026-02-07 02:37:00,13,0
2026-02-06 18:55:00,2026-02-06 19:05:00,42,1
2025-12-24 20:03:00,2025-12-24 20:13:00,938,54
2025-12-25 17:15:00,2025-12-25 17:25:00,187,9
2026-02-05 23:00:00,2026-02-05 23:10:00,17,1
2026-02-11 01:13:00,2026-02-11 01:23:00,260,14
2025-12-26 22:58:00,2025-12-26 23:08:00,22,0
2025-12-27 17:38:00,2025-12-27 17:48:00,18,0
2025-12-26 02:19:00,2025-12-26 02:29:00,18,0
2026-02-08 00:12:00,2026-02-08 00:22:00,20,0
2026-02-06 17:14:00,2026-02-06 17:24:00,486,23
2026-02-07 01:55:00,2026-02-07 02:05:00,283,13
2026-02-11 01:23:00,2026-02-11 01:33:00,10,1
2026-02-06 02:34:00,2026-02-06 02:44:00,111,5
2025-12-27 02:11:00,2025-12-27 02:21:00,335,17
2025-12-25 17:03:00,2025-12-25 17:13:00,47,3
2026-02-05 20:38:00,2026-02-05 20:48:00,119,5
2025-12-24 02:53:00,2025-12-24 03:03:00,19,0
2025-12-24 01:31:00,2025-12-24 01:41:00,133,6
2026-02-06 03:22:00,2026-02-06 03:32:00,68,3
2026-02-11 00:51:00,2026-02-11 01:01:00,523,27
2025-12-25 02:36:00,2025-12-25 02:46:00,65,2
2025-12-24 19:53:00,2025-12-24 20:03:00,477,25
2026-02-11 00:34:00,2026-02-11 00:44:00,639,33
2025-12-26 01:18:00,2025-12-26 01:28:00,214,12
2026-02-06 01:20:00,2026-02-06 01:30:00,313,15
2025-12-27 17:48:00,2025-12-27 17:58:00,196,10
2026-02-06 23:32:00,2026-02-06 23:42:00,98,4
2025-12-25 02:46:00,2025-12-25 02:56:00,134,6
2026-02-06 02:57:00,2026-02-06 03:07:00,177,8
2025-12-24 02:35:00,2025-12-24 02:45:00,29,0
2025-12-25 19:59:00,2025-12-25 20:09:00,967,53
2025-12-24 22:30:00,2025-12-24 22:40:00,233,11
2026-02-05 23:10:00,2026-02-05 23:20:00,65,2
2026-02-06 22:22:00,2026-02-06 22:32:00,80,3
2025-12-24 05:27:00,2025-12-24 05:37:00,10,0
2025-12-27 01:30:00,2025-12-27 01:40:00,12,0
2026-02-05 23:22:00,2026-02-05 23:32:00,65,2
2026-02-05 01:42:00,2026-02-05 01:52:00,11,0
2025-12-23 18:16:00,2025-12-23 18:26:00,49,2
2025-12-26 20:20:00,2025-12-26 20:30:00,101,6
2025-12-24 03:19:00,2025-12-24 03:29:00,162,7
2026-02-06 17:34:00,2026-02-06 17:44:00,53,3
2025-12-24 19:42:00,2025-12-24 19:52:00,219,8
2026-02-11 02:03:00,2026-02-11 02:13:00,301,16
2026-02-05 20:21:00,2026-02-05 20:31:00,113,6
2026-02-04 16:27:00,2026-02-04 16:37:00,596,27
2025-12-23 18:03:00,2025-12-23 18:13:00,261,13
2026-02-05 18:12:00,2026-02-05 18:22:00,565,27
2026-02-05 01:55:00,2026-02-05 02:05:00,46,1
2026-02-17 21:07:00,2026-02-17 21:17:00,20,0
2026-02-04 03:54:00,2026-02-04 04:04:00,13,0
2025-12-25 00:04:00,2025-12-25 00:14:00,93,5
2025-12-25 05:13:00,2025-12-25 05:23:00,10,0
2025-12-26 23:38:00,2025-12-26 23:48:00,189,7
2025-12-25 04:50:00,2025-12-25 05:00:00,13,0
2025-12-24 22:20:00,2025-12-24 22:30:00,94,4
2026-02-05 03:00:00,2026-02-05 03:10:00,174,7
2026-02-04 02:18:00,2026-02-04 02:28:00,64,2
2025-12-26 16:41:00,2025-12-26 16:51:00,11,0
2025-12-26 22:07:00,2025-12-26 22:17:00,71,4
2025-12-26 02:33:00,2025-12-26 02:43:00,221,9
2026-02-05 18:32:00,2026-02-05 18:42:00,434,21
2025-12-24 03:09:00,2025-12-24 03:19:00,42,2
2026-02-05 17:39:00,2026-02-05 17:49:00,48,2
2025-12-27 01:10:00,2025-12-27 01:20:00,120,6
2025-12-25 21:09:00,2025-12-25 21:19:00,17,1
2025-12-24 00:40:00,2025-12-24 00:50:00,38,1
2026-02-05 00:57:00,2026-02-05 01:07:00,73,4
2026-02-05 19:48:00,2026-02-05 19:58:00,26,1
2025-12-27 02:40:00,2025-12-27 02:50:00,110,6
2025-12-25 19:47:00,2025-12-25 19:57:00,451,25
2025-12-24 21:35:00,2025-12-24 21:45:00,56,2
2025-12-24 19:14:00,2025-12-24 19:24:00,338,15
2025-12-27 02:52:00,2025-12-27 03:02:00,209,11
2026-02-07 04:06:00,2026-02-07 04:16:00,52,2
2025-12-27 04:47:00,2025-12-27 04:57:00,41,2
2026-02-04 16:51:00,2026-02-04 17:01:00,71,3
2025-12-27 00:31:00,2025-12-27 00:41:00,78,3
2026-02-06 00:49:00,2026-02-06 00:59:00,86,3
2026-02-06 17:24:00,2026-02-06 17:34:00,508,25
2026-02-05 02:09:00,2026-02-05 02:19:00,16,0
2026-02-04 16:38:00,2026-02-04 16:48:00,477,24
2025-12-27 00:18:00,2025-12-27 00:28:00,192,9
2025-12-26 01:51:00,2025-12-26 02:01:00,10,0
2025-12-25 21:38:00,2025-12-25 21:48:00,10,0
2026-02-14 19:29:00,2026-02-14 19:39:00,175,8
2025-12-24 22:40:00,2025-12-24 22:50:00,25,1
2026-02-06 19:07:00,2026-02-06 19:17:00,59,2
2026-02-06 20:40:00,2026-02-06 20:50:00,35,2
2025-12-27 02:27:00,2025-12-27 02:37:00,98,5
2026-02-06 20:00:00,2026-02-06 20:10:00,163,8
2026-02-05 21:25:00,2026-02-05 21:35:00,196,10
2025-12-27 00:41:00,2025-12-27 00:51:00,140,8
2026-02-04 23:26:00,2026-02-04 23:36:00,243,12
2026-02-05 22:30:00,2026-02-05 22:40:00,89,4
2026-02-05 22:01:00,2026-02-05 22:11:00,15,1
2025-12-25 16:31:00,2025-12-25 16:41:00,414,23
2025-12-26 19:58:00,2025-12-26 20:08:00,252,12
2026-02-05 07:19:00,2026-02-05 07:29:00,14,0
2026-02-06 20:30:00,2026-02-06 20:40:00,195,9
2026-02-06 17:04:00,2026-02-06 17:14:00,549,27
2026-02-04 00:36:00,2026-02-04 00:46:00,108,5
2025-12-25 17:55:00,2025-12-25 18:05:00,407,21
2025-12-26 00:04:00,2025-12-26 00:14:00,12,0
2026-02-06 03:37:00,2026-02-06 03:47:00,195,10
2025-12-25 18:16:00,2025-12-25 18:26:00,26,1
2026-02-07 18:20:00,2026-02-07 18:30:00,182,7
2025-12-24 17:21:00,2025-12-24 17:31:00,320,16
2026-02-04 02:58:00,2026-02-04 03:08:00,20,0
2026-02-17 22:57:00,2026-02-17 23:07:00,201,8
2025-12-26 20:08:00,2025-12-26 20:18:00,132,6
2025-12-24 22:01:00,2025-12-24 22:11:00,57,2
2026-02-09 00:49:00,2026-02-09 00:59:00,14,0
2025-12-23 20:33:00,2025-12-23 20:43:00,576,32
2025-12-24 17:58:00,2025-12-24 18:08:00,167,6
2026-02-07 03:34:00,2026-02-07 03:44:00,107,6
2025-12-26 00:19:00,2025-12-26 00:29:00,158,7
2026-02-17 20:47:00,2026-02-17 20:57:00,272,13
2026-02-08 23:14:00,2026-02-08 23:24:00,392,21
2025-12-25 20:46:00,2025-12-25 20:56:00,91,5
2026-02-06 23:12:00,2026-02-06 23:22:00,41,2
2025-12-25 23:53:00,2025-12-26 00:03:00,31,1
2026-02-04 02:04:00,2026-02-04 02:14:00,19,1
2025-12-25 03:58:00,2025-12-25 04:08:00,20,1
2025-12-26 05:53:00,2025-12-26 06:03:00,19,1
2025-12-25 18:06:00,2025-12-25 18:16:00,418,20
2026-02-17 22:23:00,2026-02-17 22:33:00,60,2
2026-02-07 02:48:00,2026-02-07 02:58:00,271,15
2025-12-24 17:10:00,2025-12-24 17:20:00,549,26
2026-02-07 16:50:00,2026-02-07 17:00:00,454,21
2026-02-06 21:59:00,2026-02-06 22:09:00,41,2
2025-12-24 21:09:00,2025-12-24 21:19:00,60,2
2026-02-10 17:34:00,2026-02-10 17:44:00,68,2
2025-12-23 19:59:00,2025-12-23 20:09:00,59,3
2025-12-24 19:24:00,2025-12-24 19:34:00,280,13
2025-12-25 01:55:00,2025-12-25 02:05:00,469,24
2026-02-04 17:06:00,2026-02-04 17:16:00,361,17
2026-02-05 18:22:00,2026-02-05 18:32:00,473,25
2025-12-25 06:46:00,2025-12-25 06:56:00,141,6
2025-12-26 21:13:00,2025-12-26 21:23:00,18,1
2026-02-06 20:10:00,2026-02-06 20:20:00,160,7
2025-12-23 20:23:00,2025-12-23 20:33:00,720,39
2025-12-26 23:48:00,2025-12-26 23:58:00,366,16
2025-12-25 17:25:00,2025-12-25 17:35:00,469,21
2025-12-27 01:20:00,2025-12-27 01:30:00,12,0
2026-02-07 18:08:00,2026-02-07 18:18:00,31,1
2026-02-04 01:52:00,2026-02-04 02:02:00,145,5
2026-02-11 01:03:00,2026-02-11 01:13:00,50,2
2026-02-11 01:53:00,2026-02-11 02:03:00,235,11
2025-12-24 20:24:00,2025-12-24 20:34:00,127,7
2025-12-25 16:45:00,2025-12-25 16:55:00,10,0
2026-02-06 20:52:00,2026-02-06 21:02:00,106,4
2025-12-24 23:32:00,2025-12-24 23:42:00,12,0
2026-02-06 01:09:00,2026-02-06 01:19:00,355,19
2025-12-24 20:38:00,2025-12-24 20:48:00,23,0
2026-02-05 04:31:00,2026-02-05 04:41:00,21,1
2026-02-07 18:56:00,2026-02-07 19:06:00,77,3
2025-12-24 06:14:00,2025-12-24 06:24:00,124,5
2026-02-07 02:37:00,2026-02-07 02:47:00,52,3
2025-12-26 00:37:00,2025-12-26 00:47:00,64,3
2026-02-07 02:05:00,2026-02-07 02:15:00,296,16
2025-12-26 23:28:00,2025-12-26 23:38:00,272,13
2026-02-06 00:39:00,2026-02-06 00:49:00,318,15
2025-12-25 20:11:00,2025-12-25 20:21:00,235,12
2025-12-25 00:38:00,2025-12-25 00:48:00,37,0
2026-02-06 19:40:00,2026-02-06 19:50:00,236,11
2025-12-25 03:19:00,2025-12-25 03:29:00,65,3
2026-02-05 03:13:00,2026-02-05 03:23:00,21,1
2025-12-24 23:48:00,2025-12-24 23:58:00,174,10
2026-02-17 22:45:00,2026-02-17 22:55:00,203,9
2026-02-07 03:09:00,2026-02-07 03:19:00,40,1
2025-12-26 06:37:00,2025-12-26 06:47:00,18,0
2025-12-25 17:35:00,2025-12-25 17:45:00,197,10
2025-12-27 01:59:00,2025-12-27 02:09:00,32,2
2025-12-24 18:10:00,2025-12-24 18:20:00,276,14
2025-12-27 01:00:00,2025-12-27 01:10:00,64,3
2026-02-05 20:52:00,2026-02-05 21:02:00,92,4
2026-02-05 19:31:00,2026-02-05 19:41:00,458,26
2025-12-27 00:08:00,2025-12-27 00:18:00,266,13
2026-02-06 03:10:00,2026-02-06 03:20:00,462,25
2025-12-27 18:18:00,2025-12-27 18:28:00,91,4
2025-12-23 19:34:00,2025-12-23 19:44:00,98,5
2025-12-26 02:04:00,2025-12-26 02:14:00,40,2
2025-12-27 18:34:00,2025-12-27 18:44:00,77,4
2025-12-26 00:47:00,2025-12-26 00:57:00,41,1
2025-12-26 01:38:00,2025-12-26 01:48:00,31,2
2025-12-25 05:00:00,2025-12-25 05:10:00,27,1
2025-12-23 20:09:00,2025-12-23 20:19:00,137,8
2026-02-06 22:44:00,2026-02-06 22:54:00,169,7
2026-02-05 02:43:00,2026-02-05 02:53:00,14,1
2026-02-04 15:13:00,2026-02-04 15:23:00,13,0
2026-02-06 01:30:00,2026-02-06 01:40:00,83,4
2026-02-06 16:50:00,2026-02-06 17:00:00,12,0
2026-02-04 02:44:00,2026-02-04 02:54:00,16,0
2025-12-25 22:49:00,2025-12-25 22:59:00,84,4
2026-02-03 01:47:00,2026-02-03 01:57:00,43,2
2026-01-24 21:31:00,2026-01-24 21:41:00,82,3
2026-01-24 18:52:00,2026-01-24 19:02:00,49,2
2026-01-24 22:58:00,2026-01-24 23:08:00,359,18
2026-02-02 23:26:00,2026-02-02 23:36:00,124,7
2026-01-24 22:37:00,2026-01-24 22:47:00,56,2
2026-01-23 21:28:00,2026-01-23 21:38:00,234,12
2026-01-24 15:33:00,2026-01-24 15:43:00,22,1
2026-01-25 00:46:00,2026-01-25 00:56:00,264,13
2026-01-24 02:12:00,2026-01-24 02:22:00,26,1
2026-01-24 02:27:00,2026-01-24 02:37:00,23,0
2026-01-23 22:09:00,2026-01-23 22:19:00,34,1
2026-01-24 01:07:00,2026-01-24 01:17:00,91,4
2026-01-24 17:56:00,2026-01-24 18:06:00,107,6
2026-02-03 19:01:00,2026-02-03 19:11:00,138,6
2026-02-03 01:26:00,2026-02-03 01:36:00,551,27
2026-01-24 15:58:00,2026-01-24 16:08:00,383,19
2026-01-25 00:09:00,2026-01-25 00:19:00,20,1
2026-01-24 19:55:00,2026-01-24 20:05:00,33,1
2026-02-03 02:30:00,2026-02-03 02:40:00,137,8
2026-01-24 16:43:00,2026-01-24 16:53:00,561,29
2026-02-04 00:10:00,2026-02-04 00:20:00,282,14
2026-02-03 02:54:00,2026-02-03 03:04:00,203,10
2026-02-02 23:37:00,2026-02-02 23:47:00,172,9
2026-01-24 16:53:00,2026-01-24 17:03:00,326,17
2026-01-23 21:08:00,2026-01-23 21:18:00,366,17
2026-01-24 22:48:00,2026-01-24 22:58:00,692,38
2026-01-25 00:29:00,2026-01-25 00:39:00,31,1
2026-02-03 21:07:00,2026-02-03 21:17:00,29,1
2026-02-03 23:28:00,2026-02-03 23:38:00,43,1
2026-02-02 21:39:00,2026-02-02 21:49:00,84,4
2026-01-24 18:27:00,2026-01-24 18:37:00,24,0
2026-02-03 02:44:00,2026-02-03 02:54:00,610,33
2026-01-24 16:08:00,2026-01-24 16:18:00,303,15
2026-02-03 23:38:00,2026-02-03 23:48:00,209,12
2026-02-03 00:41:00,2026-02-03 00:51:00,62,2
2026-02-03 19:25:00,2026-02-03 19:35:00,22,0
2026-02-02 22:08:00,2026-02-02 22:18:00,12,1
2026-01-24 18:40:00,2026-01-24 18:50:00,58,3
2026-01-24 17:33:00,2026-01-24 17:43:00,10,0
2026-01-24 23:54:00,2026-01-25 00:04:00,25,0
2026-02-03 17:36:00,2026-02-03 17:46:00,141,6
2026-01-24 17:03:00,2026-01-24 17:13:00,285,14
2026-01-24 23:18:00,2026-01-24 23:28:00,110,6
2026-01-24 21:03:00,2026-01-24 21:13:00,146,7
2026-02-04 00:00:00,2026-02-04 00:10:00,72,2
2026-01-23 23:34:00,2026-01-23 23:44:00,17,1
2026-01-25 01:06:00,2026-01-25 01:16:00,342,17
2026-01-23 21:18:00,2026-01-23 21:28:00,741,40
2026-01-24 01:19:00,2026-01-24 01:29:00,106,4
2026-02-03 20:44:00,2026-02-03 20:54:00,191,9
2026-02-02 22:26:00,2026-02-02 22:36:00,44,1
2026-01-24 23:08:00,2026-01-24 23:18:00,167,8
2026-02-03 23:12:00,2026-02-03 23:22:00,42,1
2026-01-23 21:42:00,2026-01-23 21:52:00,23,1
2026-01-24 18:08:00,2026-01-24 18:18:00,380,18
2026-02-02 21:08:00,2026-02-02 21:18:00,413,21
2026-02-03 01:03:00,2026-02-03 01:13:00,698,37
2026-01-24 16:33:00,2026-01-24 16:43:00,590,27
2026-01-24 23:28:00,2026-01-24 23:38:00,16,0
2026-02-03 20:55:00,2026-02-03 21:05:00,2,0
2026-02-03 18:24:00,2026-02-03 18:34:00,20,0
2026-01-23 22:35:00,2026-01-23 22:45:00,50,2
2026-01-24 21:16:00,2026-01-24 21:26:00,68,3
2026-01-24 17:46:00,2026-01-24 17:56:00,270,12
2026-01-24 16:18:00,2026-01-24 16:28:00,48,3
2026-02-03 23:50:00,2026-02-04 00:00:00,69,3
2026-01-25 00:56:00,2026-01-25 01:06:00,566,27
2026-01-24 22:08:00,2026-01-24 22:18:00,135,8
2026-01-24 21:58:00,2026-01-24 22:08:00,148,6
2026-01-24 00:57:00,2026-01-24 01:07:00,202,9
2026-01-23 21:59:00,2026-01-23 22:09:00,28,1
2026-01-13 02:46:00,2026-01-13 02:56:00,122,6
2026-01-15 03:01:00,2026-01-15 03:11:00,23,0
2026-01-14 23:38:00,2026-01-14 23:48:00,30,1
2026-01-12 21:33:00,2026-01-12 21:43:00,302,15
2026-01-12 17:57:00,2026-01-12 18:07:00,378,19
2026-01-18 15:59:00,2026-01-18 16:09:00,12,0
2026-01-13 04:05:00,2026-01-13 04:15:00,99,4
2026-01-12 16:20:00,2026-01-12 16:30:00,23,0
2026-01-13 20:22:00,2026-01-13 20:32:00,85,3
2026-01-14 23:24:00,2026-01-14 23:34:00,73,3
2026-01-14 19:49:00,2026-01-14 19:59:00,347,19
2026-01-12 19:52:00,2026-01-12 20:02:00,659,36
2026-01-13 18:33:00,2026-01-13 18:43:00,42,1
2026-01-13 03:55:00,2026-01-13 04:05:00,437,23
2026-01-12 22:13:00,2026-01-12 22:23:00,136,5
2026-01-14 22:14:00,2026-01-14 22:24:00,64,2
2026-01-12 21:09:00,2026-01-12 21:19:00,104,5
2026-01-12 18:59:00,2026-01-12 19:09:00,268,13
2026-01-14 23:52:00,2026-01-15 00:02:00,32,1
2026-01-18 19:01:00,2026-01-18 19:11:00,43,2
2026-01-13 20:01:00,2026-01-13 20:11:00,213,10
2026-01-13 03:00:00,2026-01-13 03:10:00,39,1
2026-01-13 23:17:00,2026-01-13 23:27:00,12,0
2026-01-13 23:39:00,2026-01-13 23:49:00,14,1
2026-01-14 20:46:00,2026-01-14 20:56:00,109,5
2026-01-13 17:02:00,2026-01-13 17:12:00,385,20
2026-01-18 16:40:00,2026-01-18 16:50:00,1133,66
2026-01-18 14:52:00,2026-01-18 15:02:00,623,35
2026-01-12 18:07:00,2026-01-12 18:17:00,424,22
2026-01-14 23:04:00,2026-01-14 23:14:00,232,11
2026-01-14 19:59:00,2026-01-14 20:09:00,537,29
2026-01-14 20:34:00,2026-01-14 20:44:00,68,3
2026-01-12 17:37:00,2026-01-12 17:47:00,176,9
2026-01-13 19:04:00,2026-01-13 19:14:00,84,3
2026-01-12 23:01:00,2026-01-12 23:11:00,19,0
2026-01-12 19:32:00,2026-01-12 19:42:00,33,1
2026-01-13 01:24:00,2026-01-13 01:34:00,182,9
2026-01-14 22:00:00,2026-01-14 22:10:00,97,4
2026-01-18 16:11:00,2026-01-18 16:21:00,28,1
2026-01-18 16:50:00,2026-01-18 17:00:00,895,50
2026-01-18 14:42:00,2026-01-18 14:52:00,629,32
2026-01-14 21:13:00,2026-01-14 21:23:00,20,0
2026-01-15 00:19:00,2026-01-15 00:29:00,147,8
2026-01-14 21:40:00,2026-01-14 21:50:00,221,11
2026-01-14 21:03:00,2026-01-14 21:13:00,52,2
2026-01-13 00:34:00,2026-01-13 00:44:00,61,3
2026-01-15 01:38:00,2026-01-15 01:48:00,94,5
2026-01-13 19:15:00,2026-01-13 19:25:00,82,4
2026-01-15 02:33:00,2026-01-15 02:43:00,221,10
2026-01-15 00:56:00,2026-01-15 01:06:00,14,1
2026-01-12 21:20:00,2026-01-12 21:30:00,244,12
2026-01-13 02:31:00,2026-01-13 02:41:00,76,3
2026-01-12 17:47:00,2026-01-12 17:57:00,279,12
2026-01-12 17:14:00,2026-01-12 17:24:00,18,0
2026-01-13 17:12:00,2026-01-13 17:22:00,247,12
2026-01-12 19:09:00,2026-01-12 19:19:00,214,10
2026-01-15 03:13:00,2026-01-15 03:23:00,60,3
2026-01-12 18:49:00,2026-01-12 18:59:00,681,35
2026-01-13 01:14:00,2026-01-13 01:24:00,118,6
2026-01-14 22:54:00,2026-01-14 23:04:00,10,0
2026-01-13 03:10:00,2026-01-13 03:20:00,79,4
2026-01-12 22:34:00,2026-01-12 22:44:00,24,1
2026-01-13 02:21:00,2026-01-13 02:31:00,131,6
2026-01-13 17:22:00,2026-01-13 17:32:00,389,20
2026-01-12 20:46:00,2026-01-12 20:56:00,177,8
2026-01-15 02:43:00,2026-01-15 02:53:00,381,20
2026-01-12 20:24:00,2026-01-12 20:34:00,683,37
2026-01-13 18:53:00,2026-01-13 19:03:00,489,28
2026-01-13 17:32:00,2026-01-13 17:42:00,30,1
2026-01-13 03:31:00,2026-01-13 03:41:00,75,3
2026-01-13 18:43:00,2026-01-13 18:53:00,509,27
2026-01-18 18:35:00,2026-01-18 18:45:00,541,29
2026-01-14 01:45:00,2026-01-14 01:55:00,52,3
2026-01-12 20:34:00,2026-01-12 20:44:00,618,35
2026-01-16 18:21:00,2026-01-16 18:31:00,16,0
2026-01-13 00:51:00,2026-01-13 01:01:00,57,3
2026-01-15 01:21:00,2026-01-15 01:31:00,182,9
2026-01-14 20:09:00,2026-01-14 20:19:00,91,4
2026-01-14 01:33:00,2026-01-14 01:43:00,209,8
2026-01-13 03:43:00,2026-01-13 03:53:00,119,5
2026-01-13 02:04:00,2026-01-13 02:14:00,57,2
2026-01-14 01:55:00,2026-01-14 02:05:00,55,2
2026-01-13 19:26:00,2026-01-13 19:36:00,347,17
2026-01-13 20:11:00,2026-01-13 20:21:00,140,6
2026-01-18 15:47:00,2026-01-18 15:57:00,28,0
2026-01-14 21:28:00,2026-01-14 21:38:00,84,4
2026-01-18 15:02:00,2026-01-18 15:12:00,2,0
2026-01-12 22:23:00,2026-01-12 22:33:00,78,3
2026-01-12 20:56:00,2026-01-12 21:06:00,97,5
2026-01-18 16:30:00,2026-01-18 16:40:00,693,38
2026-01-18 17:00:00,2026-01-18 17:10:00,115,4
2026-01-14 21:50:00,2026-01-14 22:00:00,148,8
2026-01-18 19:29:00,2026-01-18 19:39:00,344,16
2026-01-15 01:51:00,2026-01-15 02:01:00,15,0
2026-01-14 22:39:00,2026-01-14 22:49:00,406,22
2026-01-14 20:22:00,2026-01-14 20:32:00,33,1
2026-01-12 18:39:00,2026-01-12 18:49:00,745,38
2026-04-29 18:04:00,2026-04-29 18:14:00,516,27
2026-03-30 01:09:00,2026-03-30 01:19:00,13,1
2026-04-29 19:32:00,2026-04-29 19:42:00,228,12
2026-04-22 03:20:00,2026-04-22 03:30:00,19,0
2026-04-29 20:36:00,2026-04-29 20:46:00,628,33
2026-04-29 18:30:00,2026-04-29 18:40:00,292,15
2026-04-29 19:22:00,2026-04-29 19:32:00,357,22
2026-04-29 18:14:00,2026-04-29 18:24:00,200,11
2026-04-29 19:01:00,2026-04-29 19:11:00,859,42
2026-03-30 01:47:00,2026-03-30 01:57:00,18,1
2026-04-13 16:04:00,2026-04-13 16:14:00,19,0
2026-03-28 15:50:00,2026-03-28 16:00:00,40,1
2026-04-29 18:51:00,2026-04-29 19:01:00,931,50
2026-03-14 23:58:00,2026-03-15 00:08:00,10,0
2026-04-29 18:41:00,2026-04-29 18:51:00,1141,66
2026-04-29 20:46:00,2026-04-29 20:56:00,692,36
2026-04-29 19:11:00,2026-04-29 19:21:00,439,23
2026-02-27 01:30:00,2026-02-27 01:40:00,39,2
2026-01-22 00:10:00,2026-01-22 00:20:00,375,20
2026-02-27 01:10:00,2026-02-27 01:20:00,35,1
2026-02-26 23:49:00,2026-02-26 23:59:00,10,0
2026-03-09 21:39:00,2026-03-09 21:49:00,65,2
2026-01-22 20:22:00,2026-01-22 20:32:00,668,35
2026-01-20 22:32:00,2026-01-20 22:42:00,19,0
2026-01-20 22:52:00,2026-01-20 23:02:00,506,24
2026-02-27 00:24:00,2026-02-27 00:34:00,182,8
2026-02-26 23:14:00,2026-02-26 23:24:00,348,17
2026-01-22 17:34:00,2026-01-22 17:44:00,255,13
2026-02-26 21:59:00,2026-02-26 22:09:00,553,29
2026-01-18 19:58:00,2026-01-18 20:08:00,312,16
2026-01-22 00:33:00,2026-01-22 00:43:00,338,17
2026-01-20 23:02:00,2026-01-20 23:12:00,132,6
2026-01-22 20:32:00,2026-01-22 20:42:00,467,22
2026-02-27 00:58:00,2026-02-27 01:08:00,111,5
2026-01-22 20:58:00,2026-01-22 21:08:00,877,49
2026-02-26 22:14:00,2026-02-26 22:24:00,55,2
2026-02-26 21:31:00,2026-02-26 21:41:00,18,0
2026-02-27 00:05:00,2026-02-27 00:15:00,123,5
2026-02-27 02:34:00,2026-02-27 02:44:00,10,0
2026-01-20 22:42:00,2026-01-20 22:52:00,538,30
2026-02-26 23:34:00,2026-02-26 23:44:00,44,2
2026-02-27 02:18:00,2026-02-27 02:28:00,16,0
2026-02-27 00:43:00,2026-02-27 00:53:00,52,2
2026-01-23 20:48:00,2026-01-23 20:58:00,23,0
2026-01-18 20:20:00,2026-01-18 20:30:00,272,15
2026-01-22 00:23:00,2026-01-22 00:33:00,212,11
2026-02-27 01:50:00,2026-02-27 02:00:00,29,1
2026-02-26 23:04:00,2026-02-26 23:14:00,184,10
2026-01-22 19:58:00,2026-01-22 20:08:00,71,2
2026-01-22 20:45:00,2026-01-22 20:55:00,79,5
2026-02-27 02:00:00,2026-02-27 02:10:00,10,0
2026-01-23 18:32:00,2026-01-23 18:42:00,93,4
2026-02-27 03:08:00,2026-02-27 03:18:00,513,25
2026-03-05 17:30:00,2026-03-05 17:40:00,22,1
2026-01-22 20:11:00,2026-01-22 20:21:00,18,1
2026-02-26 22:54:00,2026-02-26 23:04:00,52,2
2026-01-18 19:44:00,2026-01-18 19:54:00,66,2
2026-01-23 18:19:00,2026-01-23 18:29:00,36,1
2026-01-23 18:43:00,2026-01-23 18:53:00,138,6
2026-02-26 23:24:00,2026-02-26 23:34:00,145,6
2026-01-22 19:35:00,2026-01-22 19:45:00,506,28
2026-03-09 16:48:00,2026-03-09 16:58:00,53,2
2026-03-05 16:51:00,2026-03-05 17:01:00,50,2
2026-01-22 00:00:00,2026-01-22 00:10:00,160,8
2026-01-18 20:10:00,2026-01-18 20:20:00,761,40
2026-02-27 03:22:00,2026-02-27 03:32:00,68,3
2026-02-26 22:35:00,2026-02-26 22:45:00,30,1
2026-01-20 22:12:00,2026-01-20 22:22:00,390,21
2026-01-22 21:08:00,2026-01-22 21:18:00,235,12
2026-03-09 21:39:00,2026-03-09 21:49:00,165,7
2026-02-22 04:33:00,2026-02-22 04:43:00,15,1
2026-04-29 05:53:00,2026-04-29 06:03:00,47,1
2026-04-29 12:56:00,2026-04-29 13:06:00,14,0
2026-02-19 00:18:00,2026-02-19 00:28:00,36,1
2026-04-29 06:13:00,2026-04-29 06:23:00,28,2
2026-02-18 23:52:00,2026-02-19 00:02:00,169,6
2026-02-23 05:13:00,2026-02-23 05:23:00,17,1
2026-02-22 20:14:00,2026-02-22 20:24:00,20,0
2026-02-18 19:32:00,2026-02-18 19:42:00,12,1
2026-04-22 17:32:00,2026-04-22 17:42:00,14,0
